ABOUT_TAB_BUILD|Versió
ABOUT_TAB_CREDITS|Crèdits
ABOUT_TAB_LICENSE|Llicència
ABOUT_TAB_RELEASENOTES|Notes de la versió
ABOUT_TAB_SPLASH|Splash
BATCH_PROCESSING|Processament per lots
CURVEEDITOR_CURVE|Corba
CURVEEDITOR_CURVES|Corbes
CURVEEDITOR_CUSTOM|A mida
CURVEEDITOR_DARKS|Foscos
CURVEEDITOR_HIGHLIGHTS|Clars intensos
CURVEEDITOR_LIGHTS|Clars
CURVEEDITOR_LINEAR|Lineal
CURVEEDITOR_LOADDLGLABEL|Carrega corba...
CURVEEDITOR_MINMAXCPOINTS|Mínima/Màxima punts de control
CURVEEDITOR_NURBS|Gàbia de control
CURVEEDITOR_PARAMETRIC|Paramètric
CURVEEDITOR_SAVEDLGLABEL|Desa corba...
CURVEEDITOR_SHADOWS|Ombres
CURVEEDITOR_TOOLTIPCOPY|Copia la corba actual al portap.
CURVEEDITOR_TOOLTIPLINEAR|Restaura corba lineal (recta)
CURVEEDITOR_TOOLTIPLOAD|Carrega corba de fitxer
CURVEEDITOR_TOOLTIPPASTE|Enganxa corba del portap.
CURVEEDITOR_TOOLTIPSAVE|Desa la corba actual
CURVEEDITOR_TYPE|Tipus:
DIRBROWSER_FOLDERS|Carpetes
EDITWINDOW_TITLE|Edita imatge
EXIFFILTER_APERTURE|Obertura
EXIFFILTER_CAMERA|Càmera
EXIFFILTER_EXPOSURECOMPENSATION|Compensació d'exposició (EV)
EXIFFILTER_FILETYPE|Tipus de fitxer
EXIFFILTER_FOCALLEN|Distància focal
EXIFFILTER_ISO|ISO
EXIFFILTER_LENS|Objectiu
EXIFFILTER_METADATAFILTER|Empra filtres Metadata
EXIFFILTER_SHUTTER|Temps d'exposició
EXIFPANEL_ADDEDIT|Afegir/Editar
EXIFPANEL_ADDEDITHINT|Afegir nou atribut o editar-lo
EXIFPANEL_ADDTAGDLG_ENTERVALUE|Entrar valor
EXIFPANEL_ADDTAGDLG_SELECTTAG|Selecciona atribut
EXIFPANEL_ADDTAGDLG_TITLE|Afegir/Editar atribut
EXIFPANEL_KEEP|Guarda
EXIFPANEL_KEEPHINT|Conserva atributs seleccionats en escriure un nou fitxer
EXIFPANEL_REMOVE|Esborra
EXIFPANEL_REMOVEHINT|Esborra atributs seleccionats en escriure un nou fitxer
EXIFPANEL_RESET|Reinicialitza
EXIFPANEL_RESETALL|Reinic. tot
EXIFPANEL_RESETALLHINT|Reinicialitza atributs als valors originals
EXIFPANEL_RESETHINT|Reinic. atributs seleccionats als valors originals
EXIFPANEL_SUBDIRECTORY|Subdirectori
EXPORT_BYPASS_ALL|Selecciona / Deselecciona tot
EXPORT_BYPASS_DEFRINGE|Salta desserrellar
EXPORT_BYPASS_DIRPYRDENOISE|Salta reducció de soroll
EXPORT_BYPASS_DIRPYREQUALIZER|Salta contrast per nivells de detall
EXPORT_BYPASS_RAW_CA|Salta [raw] correcció d'aberració cromàtica
EXPORT_BYPASS_RAW_CCSTEPS|Salta [raw] supressió de fals color
EXPORT_BYPASS_RAW_DCB_ENHANCE|Salta [raw] passos de millora DCB
EXPORT_BYPASS_RAW_DCB_ITERATIONS|Salta [raw] iteracions DCB
EXPORT_BYPASS_RAW_DF|Salta [raw] marc fosc
EXPORT_BYPASS_RAW_FF|Salta [raw] camp pla
EXPORT_BYPASS_RAW_GREENTHRESH|Salta [raw] equilibri de verd
EXPORT_BYPASS_RAW_LINENOISE|Salta [raw] línia de filtre de soroll
EXPORT_BYPASS_SHARPENEDGE|Salta afinar vores
EXPORT_BYPASS_SHARPENING|Salta reenfocar
EXPORT_BYPASS_SHARPENMICRO|Salta microcontrast
EXPORT_FASTEXPORTOPTIONS|<b>Opcions d'exportació ràpida</b>
EXPORT_INSTRUCTIONS|Les opcions d'exportació ràpida permeten estalviar temps i recursos obviant els ajustos establerts de desenvolupament i processar la cua amb més celeritat. Es recomana aquest mètode per a una ràpida generació d'imatges de baixa resolució quan cal prioritzar la rapidesa o en canvis de tamany d'una o diverses imatges sense modificar els seus paràmetres de desenvolupament desats.
EXPORT_MAXHEIGHT|Alçada màxima:
EXPORT_MAXWIDTH|Ample màxim:
EXPORT_PUTTOQUEUEFAST|  Posa a la cua per a export. ràpida  
EXPORT_RAW_DMETHOD|Mètode de demosaicar
EXTPROGTARGET_1|raw
EXTPROGTARGET_2|cua processada
FILEBROWSER_APPLYPROFILE|Aplica
FILEBROWSER_APPLYPROFILE_PARTIAL|Aplica - parcial
FILEBROWSER_AUTODARKFRAME|Auto marc fosc
FILEBROWSER_AUTOFLATFIELD|Auto camp pla
FILEBROWSER_BROWSEPATHHINT|Escriviu path on buscar.\n<b>Ctrl-O</b> dirigir-se al path de la finestra de text.\n<b>Enter</b> / <b>Ctrl-Enter</b> (en el gestor de fitxers) per a navegar allí;\n\nPath dreceres:\n  <b>~</b> - directori home de l'usuari\n  <b>!</b> - directori de fotografies de l'usuari
FILEBROWSER_CACHE|Cau
FILEBROWSER_CLEARPROFILE|Neteja
FILEBROWSER_COPYPROFILE|Copia
FILEBROWSER_CURRENT_NAME|Nom actual:
FILEBROWSER_DARKFRAME|Marc fosc
FILEBROWSER_DELETEDIALOG_HEADER|Confirmació d'esborrar fitxer
FILEBROWSER_EMPTYTRASH|Buida paperera
FILEBROWSER_EXTPROGMENU|Obre amb
FILEBROWSER_FLATFIELD|Camp pla
FILEBROWSER_MOVETODARKFDIR|Canvia al directori de camps foscos
FILEBROWSER_MOVETOFLATFIELDDIR|Canvia al directori de camps plans
FILEBROWSER_NEW_NAME|Nou nom:
FILEBROWSER_OPENDEFAULTVIEWER|Visor per omissió (cua-processat)
FILEBROWSER_PARTIALPASTEPROFILE|Enganxa - parcialment
FILEBROWSER_PASTEPROFILE|Enganxa
FILEBROWSER_POPUPCANCELJOB|Cancel·la treball
FILEBROWSER_POPUPCOLORLABEL|Color d'etiqueta
FILEBROWSER_POPUPCOPYTO|Copia a...
FILEBROWSER_POPUPFILEOPERATIONS|Operacions amb fitxers
FILEBROWSER_POPUPMOVEEND|Mou a la fi de la cua
FILEBROWSER_POPUPMOVEHEAD|Mou a l'inici de la cua
FILEBROWSER_POPUPMOVETO|Mou cap a...
FILEBROWSER_POPUPOPEN|Obre
FILEBROWSER_POPUPOPENINEDITOR|Obrir en Editor
FILEBROWSER_POPUPPROCESS|Posa a la cua
FILEBROWSER_POPUPPROCESSFAST|Posa a la cua (export. ràpida)
FILEBROWSER_POPUPPROFILEOPERATIONS|Processant operacions de perfil
FILEBROWSER_POPUPRANK|Rang
FILEBROWSER_POPUPRENAME|Reanomena
FILEBROWSER_POPUPSELECTALL|Selec. tot
FILEBROWSER_POPUPTRASH|Llença a la paperera
FILEBROWSER_POPUPUNRANK|Treu el rang
FILEBROWSER_POPUPUNTRASH|Recup. de la paperera
FILEBROWSER_QUERYBUTTONHINT|Neteja la recerca
FILEBROWSER_QUERYHINT|Escriviu <i>part del nom d'un fitxer</i> a cercar o bé <i>llista amb comes com a separadort</i>.\nE.g. <i>1001,1004,1199</i> \n\n<b>Ctrl-F</b> entra a la finestra de text a cercar (en el gestor de fitxers).\n<b>Enter</b> comença a buscar.\n<b>Escape</b> neteja.
FILEBROWSER_QUERYLABEL| Cerca: 
FILEBROWSER_RENAMEDLGLABEL|Reanomena fitxer
FILEBROWSER_SELECTDARKFRAME|Selecc. marc fosc...
FILEBROWSER_SELECTFLATFIELD|Selecc. camp pla...
FILEBROWSER_SHOWCOLORLABEL1HINT|Mostra imatges etiqueta vermella.\nDrecera: <b>Alt-1</b>
FILEBROWSER_SHOWCOLORLABEL2HINT|Mostra imatges etiqueta groga.\nDrecera: <b>Alt-2</b>
FILEBROWSER_SHOWCOLORLABEL3HINT|Mostra imatges etiqueta verda.\nDrecera: <b>Alt-3</b>
FILEBROWSER_SHOWCOLORLABEL4HINT|Mostra imatges etiqueta blava.\nDrecera: <b>Alt-4</b>
FILEBROWSER_SHOWCOLORLABEL5HINT|Mostra imatges etiqueta porpra.\nDrecera: <b>Alt-5</b>
FILEBROWSER_SHOWDIRHINT|Neteja tots els filtres.\nDrecera: <b>D</b>
FILEBROWSER_SHOWEDITEDHINT|Mostra imatges editades.\nDrecera: <b>7</b>
FILEBROWSER_SHOWEDITEDNOTHINT|Mostra imatges no editades.\nDrecera: <b>6</b>
FILEBROWSER_SHOWEXIFINFO|Mostra dades EXIF.\nDrecera: <b>i</b>
FILEBROWSER_SHOWRANK1HINT|Exposa imatges d' 1 estrella.\nDrecera: <b>1</b>
FILEBROWSER_SHOWRANK2HINT|Exposa imatges de 2 estrelles.\nDrecera: <b>2</b>
FILEBROWSER_SHOWRANK3HINT|Exposa imatges de 3 estrelles.\nDrecera: <b>3</b>
FILEBROWSER_SHOWRANK4HINT|Exposa imatges de 4 estrelles.\nDrecera: <b>4</b>
FILEBROWSER_SHOWRANK5HINT|Exposa imatges de 5 estrelles.\nDrecera: <b>5</b>
FILEBROWSER_SHOWRECENTLYSAVEDHINT|Mostra últimes imatges desades.\nDrecera: <b>Alt-7</b>
FILEBROWSER_SHOWRECENTLYSAVEDNOTHINT|Mostra imatges no recentment desades.\nDrecera: <b>Alt-6</b>
FILEBROWSER_SHOWTRASHHINT|Veure què hi ha a la paperera.\nDrecera: <b>Ctrl-t</b>
FILEBROWSER_SHOWUNCOLORHINT|Mostra imatges sense etiqueta de color.\nDrecera: <b>Alt-0</b>
FILEBROWSER_SHOWUNRANKHINT|Mostra imatges sense rang.\nDrecera: <b>0</b>
FILEBROWSER_THUMBSIZE|Tamany minifoto
FILEBROWSER_ZOOMINHINT|Engrandir minifoto.\nDrecera: <b>+</b>
FILEBROWSER_ZOOMOUTHINT|Reduïr minifoto.\nDrecera: <b>-</b>
GENERAL_ABOUT|Respecte a
GENERAL_AFTER|Després
GENERAL_BEFORE|Abans
GENERAL_CANCEL|Cancel·la
GENERAL_DISABLE|Inactiva
GENERAL_DISABLED|Inactivat
GENERAL_ENABLE|Activa
GENERAL_ENABLED|Activat
GENERAL_FILE|Fitxer
GENERAL_LANDSCAPE|Horitzontal
GENERAL_NA|n/a
GENERAL_NO|No
GENERAL_NONE|No cap
GENERAL_OK|OK
GENERAL_PORTRAIT|Vertical
GENERAL_SAVE|Desa
GENERAL_UNCHANGED|(No canviat)
GENERAL_WARNING|Avís
HISTOGRAM_TOOLTIP_B|Mostra/amaga l'histograma BLAU
HISTOGRAM_TOOLTIP_BAR|Mostra/amaga la barra indicadora RGB\nClic botó dret a la previsualització per a congelar/descongelar
HISTOGRAM_TOOLTIP_G|Mostra/amaga l'histograma VERD
HISTOGRAM_TOOLTIP_L|Mostra/amaga l'histograma de luminància CIELAB
HISTOGRAM_TOOLTIP_R|Mostra/amaga l'histograma VERMELL
HISTORY_CHANGED|Canviat
HISTORY_CUSTOMCURVE|Corba particular
HISTORY_FROMCLIPBOARD|Del portapapers
HISTORY_LABEL|Història
HISTORY_MSG_1|Imatge oberta
HISTORY_MSG_3|PP3 canviat
HISTORY_MSG_4|Repassant la història
HISTORY_MSG_5|Brillantor
HISTORY_MSG_6|Contrast
HISTORY_MSG_7|Negre
HISTORY_MSG_8|Compensació d'exposició
HISTORY_MSG_9|Compressió de clars intensos
HISTORY_MSG_10|Compressió de foscos
HISTORY_MSG_11|Corba de to 1
HISTORY_MSG_12|Exposició automàtica
HISTORY_MSG_13|Pèrdua per exposició
HISTORY_MSG_14|Luminància: Brillantor
HISTORY_MSG_15|Luminància: Contrast
HISTORY_MSG_19|Corba 'L'
HISTORY_MSG_20|Enfocant
HISTORY_MSG_21|Enfocant -Radi
HISTORY_MSG_22|Enfocant -Quantitat
HISTORY_MSG_23|Enfocant -Llindar
HISTORY_MSG_24|Enfocar només vores
HISTORY_MSG_25|Enfocant -Radi detecció de vora
HISTORY_MSG_26|Enfocant -Tolerància vora
HISTORY_MSG_27|Enfocant -Control de halo
HISTORY_MSG_28|Control de halo -quantitat
HISTORY_MSG_29|Mètode d'enfocar
HISTORY_MSG_30|Deconvolució: Radi
HISTORY_MSG_31|Deconvolució: Quantitat
HISTORY_MSG_32|Deconvolució: Ablaniment
HISTORY_MSG_33|Deconvolució: Iteracions
HISTORY_MSG_34|Correcció distorsió LCP
HISTORY_MSG_35|Correcció vorafosc LCP
HISTORY_MSG_37|Nivells automàtics
HISTORY_MSG_38|Mètode de balanç de blancs
HISTORY_MSG_39|Temperatura de color
HISTORY_MSG_40|Tint de balanç de blancs
HISTORY_MSG_41|Corba de to mode 1
HISTORY_MSG_42|Corba de to 2
HISTORY_MSG_43|Corba de to mode 2
HISTORY_MSG_48|Usa corba de to DCP
HISTORY_MSG_49|Dessoroll de color, sensib. de vores
HISTORY_MSG_50|Foscos/clars intensos
HISTORY_MSG_51|Clars intensos
HISTORY_MSG_52|Foscos
HISTORY_MSG_53|Amplada de to de clars
HISTORY_MSG_54|Amplada de to de foscos
HISTORY_MSG_56|Radi foscos/clars intensos
HISTORY_MSG_57|Rotació tosca
HISTORY_MSG_58|Inversió horitzontal
HISTORY_MSG_59|Inversió vertical
HISTORY_MSG_60|Rotació
HISTORY_MSG_61|Auto-omple
HISTORY_MSG_62|Correcció distorsió de l'objectiu
HISTORY_MSG_63|Instantània seleccionada
HISTORY_MSG_64|Cropa foto
HISTORY_MSG_65|Correcció A.C.
HISTORY_MSG_66|Recuperació de clars intensos
HISTORY_MSG_68|Recup. de clars: mètode
HISTORY_MSG_69|Espai de color de treball
HISTORY_MSG_70|Espai de color de sortida
HISTORY_MSG_71|Espai de color d'entrada
HISTORY_MSG_72|Correcció del vorafosc
HISTORY_MSG_73|Barrejador de canals
HISTORY_MSG_74|Canviar l'escala
HISTORY_MSG_75|Mètode de canvi d'escala
HISTORY_MSG_76|Metadades Exif
HISTORY_MSG_77|Metadades IPTC
HISTORY_MSG_79|Variar amplada
HISTORY_MSG_80|Variar alçada
HISTORY_MSG_81|Escalat activat
HISTORY_MSG_82|Perfil canviat
HISTORY_MSG_84|Correcció de perspectiva
HISTORY_MSG_85|Perfil de correcció de la lent
HISTORY_MSG_86|Equalitzador d'ónula
HISTORY_MSG_87|Impuls de Reduc. de Soroll
HISTORY_MSG_88|Llindar impuls RS
HISTORY_MSG_89|Reducció de soroll
HISTORY_MSG_90|RS - luminància
HISTORY_MSG_91|RS - crominància
HISTORY_MSG_92|RS - gama
HISTORY_MSG_93|Intens. de contrast per grau de detall
HISTORY_MSG_94|Contrast per grau de detall
HISTORY_MSG_95|Cromaticitat
HISTORY_MSG_96|corba 'a'
HISTORY_MSG_97|corba 'b'
HISTORY_MSG_98|Mètode demosaicat
HISTORY_MSG_99|Filtre píxels cremats/morts
HISTORY_MSG_100|Saturació RGB
HISTORY_MSG_101|HSV EQ -- Hue
HISTORY_MSG_102|HSV EQ -- Saturació
HISTORY_MSG_103|HSV EQ -- Valor
HISTORY_MSG_104|HSV Equalitzador
HISTORY_MSG_105|Desserrellant
HISTORY_MSG_106|Desserrellar, radi
HISTORY_MSG_107|Desserrellar, llindar
HISTORY_MSG_108|Llindar compr. clars intensos
HISTORY_MSG_109|Escala capsa d'inclusió
HISTORY_MSG_110|L'escalat s'aplica a
HISTORY_MSG_111|Evita estralls de color
HISTORY_MSG_112|--no usat--
HISTORY_MSG_113|Protecció de tons vermell i pell
HISTORY_MSG_114|Iteracions DCB
HISTORY_MSG_115|Iteracions fals color
HISTORY_MSG_116|DCB ampliat
HISTORY_MSG_119|Línia dessoroll
HISTORY_MSG_120|Llindar equil. verd
HISTORY_MSG_122|Auto marc fosc
HISTORY_MSG_123|Fitxer de camp fosc
HISTORY_MSG_124|Correc. expo. linear
HISTORY_MSG_126|Fitxer de camp pla
HISTORY_MSG_127|Auto-sel. camp pla
HISTORY_MSG_128|Camp pla borrós - radi
HISTORY_MSG_129|Camp pla borrós - tipus
HISTORY_MSG_130|Auto-distorsió
HISTORY_MSG_137|Negre nivell verd 1
HISTORY_MSG_138|Negre nivell roig
HISTORY_MSG_139|Negre nivell blau
HISTORY_MSG_140|Negre nivell verd 2
HISTORY_MSG_141|Negre nivell verd junts
HISTORY_MSG_142|Afinant vores - iteracions
HISTORY_MSG_143|Afinant vores - quantitat
HISTORY_MSG_144|Microcontrast - quantitat
HISTORY_MSG_145|Microcontrast - uniformitat
HISTORY_MSG_146|Afinament de vores
HISTORY_MSG_147|Afinant vores - només luminància
HISTORY_MSG_148|Microcontrast
HISTORY_MSG_149|Microcontrast - matriu 3×3
HISTORY_MSG_150|Artefactes en post-demosaicat/reducció de soroll
HISTORY_MSG_151|Vibrància
HISTORY_MSG_152|Vibrància - tons pastel
HISTORY_MSG_153|Vibrància - tons saturats
HISTORY_MSG_154|Vibrància - protecció de tons de pell
HISTORY_MSG_155|Vibrància - Evita pèrdua de color
HISTORY_MSG_156|Vibrància - Enllaç de tons pastel-saturats
HISTORY_MSG_157|Vibrància - llindar pastel/saturat
HISTORY_MSG_158|Intensitat
HISTORY_MSG_159|Parada a les vores
HISTORY_MSG_160|Escala
HISTORY_MSG_161|Iteracions de ponderació
HISTORY_MSG_162|Mapejant tons
HISTORY_MSG_163|RGB corbes - R
HISTORY_MSG_164|RGB corbes - G
HISTORY_MSG_165|RGB corbes - B
HISTORY_MSG_167|Mètode demosaicat
HISTORY_MSG_168|Corba 'CC'
HISTORY_MSG_169|Corba 'CH'
HISTORY_MSG_170|Vibrància - corba
HISTORY_MSG_171|Corba 'LC'
HISTORY_MSG_172|Restriccció LC als tons vermell i pell
HISTORY_NEWSNAPSHOT|Afegeix
HISTORY_SNAPSHOT|Instantània
HISTORY_SNAPSHOTS|Instantànies
IPTCPANEL_CATEGORY|Classificació
IPTCPANEL_CITY|Ciutat
IPTCPANEL_COPYHINT|Copiar dades actuals IPTC al portapapers
IPTCPANEL_COUNTRY|País
IPTCPANEL_CREDIT|Crèdit
IPTCPANEL_CREDITHINT|Identitat del proveïdor de la imatge, no necessàriament el propietari/creador (Credit).
IPTCPANEL_DATECREATED|Data de creació
IPTCPANEL_EMBEDDED|Encastat
IPTCPANEL_EMBEDDEDHINT|Restaurar les dades IPTC encastades al fitxer d'imatge
IPTCPANEL_HEADLINE|Capçalera
IPTCPANEL_INSTRUCTIONS|Instruccions
IPTCPANEL_KEYWORDS|Paraules clau
IPTCPANEL_PASTEHINT|Enganxa les dades IPTC del portapapers
IPTCPANEL_RESET|Reinici
IPTCPANEL_RESETHINT|Reinici perfil per omissió
IPTCPANEL_SOURCE|Font
IPTCPANEL_TITLE|Títol
MAIN_BUTTON_FULLSCREEN|Pantalla sencera
MAIN_BUTTON_PREFERENCES|Preferències
MAIN_BUTTON_PUTTOQUEUE_TOOLTIP|Afeg. imatge actual a la cua de procés.\nDrecera: <b>Ctrl+B</b>
MAIN_BUTTON_SAVE_TOOLTIP|Desa la imatge actual.\nDrecera: <b>Ctrl+S</b>
MAIN_BUTTON_SENDTOEDITOR_TOOLTIP|Edita la imatge actual a un editor extern.\nDrecera: <b>Ctrl+E</b>
MAIN_BUTTON_SHOWHIDESIDEPANELS_TOOLTIP|Mostra/amaga panells laterals.\nDrecera: <b>m</b>
MAIN_BUTTON_UNFULLSCREEN|Fi pantalla sencera
MAIN_FRAME_EDITOR|Editor
MAIN_FRAME_EDITOR_TOOLTIP| Editor.\nDrecera: <b>Ctrl-F4</b>
MAIN_FRAME_FILEBROWSER|Gestor de fitxers 
MAIN_FRAME_FILEBROWSER_TOOLTIP| Gestor de fitxers.\nDrecera: <b>Ctrl-F2</b>
MAIN_FRAME_PLACES|Llocs 
MAIN_FRAME_PLACES_ADD|Afeg
MAIN_FRAME_QUEUE|Cua de procés
MAIN_FRAME_QUEUE_TOOLTIP| Cua de procés.\nDrecera: <b>Ctrl-F3</b>
MAIN_FRAME_RECENT|Carpetes recents 
MAIN_MSG_ALREADYEXISTS|Fitxer ja existent.
MAIN_MSG_CANNOTLOAD|No es pot carregar la imatge
MAIN_MSG_CANNOTSAVE|Error desant el fitxer
MAIN_MSG_CANNOTSTARTEDITOR|No es pot iniciar l'editor
MAIN_MSG_CANNOTSTARTEDITOR_SECONDARY|Poseu el path correcte en el diàleg "Preferències".
MAIN_MSG_EMPTYFILENAME|Nom de fitxer no indicat!
MAIN_MSG_IMAGEUNPROCESSED|Això requereix que totes les imatges seleccionades siguin abans processades a la cua.
MAIN_MSG_NAVIGATOR|Navegador
MAIN_MSG_QOVERWRITE|El voleu sobreescriure?
MAIN_TAB_COLOR|Color
MAIN_TAB_COLOR_TOOLTIP|Drecera: <b>Alt-C</b>
MAIN_TAB_DETAIL|Detall
MAIN_TAB_DETAIL_TOOLTIP|Drecera: <b>Alt-D</b>
MAIN_TAB_DEVELOP|Desenv.
MAIN_TAB_EXIF|Exif
MAIN_TAB_EXPORT| Exporta
MAIN_TAB_EXPOSURE|Exposició
MAIN_TAB_EXPOSURE_TOOLTIP|Drecera: <b>Alt-E</b>
MAIN_TAB_FILTER|Filtre
MAIN_TAB_IPTC|IPTC
MAIN_TAB_METADATA|Metadades
MAIN_TAB_METADATA_TOOLTIP|Drecera: <b>Alt-M</b>
MAIN_TAB_RAW|RAW
MAIN_TAB_RAW_TOOLTIP|Drecera: <b>Alt-R</b>
MAIN_TAB_TRANSFORM|Transforma
MAIN_TAB_TRANSFORM_TOOLTIP|Drecera: <b>Alt-T</b>
MAIN_TOOLTIP_BACKCOLOR0|Color de fons de la vista prèvia: <b>basat en tema</b>\nDrecera: <b>8</b>
MAIN_TOOLTIP_BACKCOLOR1|Color de fons de la vista prèvia: <b>Negre</b>\nDrecera: <b>9</b>
MAIN_TOOLTIP_BACKCOLOR2|Color de fons de la vista prèvia: <b>Blanc</b>\nDrecera: <b>0</b>
MAIN_TOOLTIP_BEFOREAFTERLOCK|<b>Bloca</b> / <b>Desbloca</b> el <b>abans</b> vista\n\n<b>Bloca</b>: conserva la <b>abans</b> vista sense canvis.\nütil per a valorar l'efecte acumulatiu de moltes eines.\nA més, es poden fer comparacions amb qualsevol punt de la història\n\n<b>Desbloca</b>: el <b>abans</b> la vista romandrà <b>després</b> vista d'un pas enrera, mostrant la imatge abans de l'efecte de l'eina present.
MAIN_TOOLTIP_HIDEHP|Mostra/amaga panell esquerre (incloent la història).\nDrecera: <b>1</b>
MAIN_TOOLTIP_INDCLIPPEDH|Indicador de pèrdues en clars.\nDrecera: <b>&lt</b>
MAIN_TOOLTIP_INDCLIPPEDS|Indicador de pèrdues en foscos.\nDrecera: <b>&gt</b>
MAIN_TOOLTIP_PREVIEWB|Previsualitza <b>Canal blau</b>.\nDrecera: <b>b</b>
MAIN_TOOLTIP_PREVIEWFOCUSMASK|Previsualitza <b>reenfocament</b>.\nDrecera: <b>Majús-F</b>\n\nMés pecís en imatges amb poca profunditat de camp, poc soroll i gran zoom\n\nPer a millorar la precisa detecció en imatges amb soroll proveu amb zoom més petit: 10-30%\n\nLa vista prèvia surt més lenta amb el reenfocament activat.
MAIN_TOOLTIP_PREVIEWG|Previsualitza <b>Canal verd</b>.\nDrecera: <b>g</b>
MAIN_TOOLTIP_PREVIEWL|Previsualitza <b>Lluminositat</b>.\nDrecera: <b>v</b>\n\n0.299*R + 0.587*G + 0.114*B
MAIN_TOOLTIP_PREVIEWR|Previsualitza <b>Canal vermell</b>.\nDrecera: <b>r</b>
MAIN_TOOLTIP_QINFO|Info breu de la imatge.\nDrecera: <b>i</b>
MAIN_TOOLTIP_SHOWHIDELP1|Mostra/amaga panell esquerre.\nDrecera: <b>1</b>
MAIN_TOOLTIP_SHOWHIDERP1|Mostra/amaga panell dret.\nDrecera: <b>Alt-L</b>
MAIN_TOOLTIP_SHOWHIDETP1|Mostra/amaga panell superior.\nDrecera: <b>Majús-L</b>
MAIN_TOOLTIP_THRESHOLD|Llindar
MAIN_TOOLTIP_TOGGLE|Alterna vista abans/després.\nDrecera: <b>Majús-B</b>
NAVIGATOR_XY_FULL|Amplada = %1, Altura = %2
NAVIGATOR_XY_NA|x = n/a, y = n/a
PARTIALPASTE_BASICGROUP|Ajustos bàsics
PARTIALPASTE_CACORRECTION|Correcció d'aberració cromàtica
PARTIALPASTE_CHANNELMIXER|Barrejador de canals
PARTIALPASTE_COARSETRANS|Rotació 90 graus/ inversió
PARTIALPASTE_COLORGROUP|Ajustos de color
PARTIALPASTE_COMMONTRANSFORMPARAMS|Auto-omple
PARTIALPASTE_COMPOSITIONGROUP|Ajustos de composició
PARTIALPASTE_CROP|Cropa
PARTIALPASTE_DARKFRAMEAUTOSELECT|Auto-sel. marc fosc
PARTIALPASTE_DARKFRAMEFILE|Fitxer de marc fosc
PARTIALPASTE_DEFRINGE|Desserrella
PARTIALPASTE_DETAILGROUP|Ajustos de detall
PARTIALPASTE_DIALOGLABEL|Enganxa parcialment al perfil de procés
PARTIALPASTE_DIRPYRDENOISE|Reducció de soroll
PARTIALPASTE_DIRPYREQUALIZER|Contrast per grau de detall
PARTIALPASTE_DISTORTION|Correcció de distorsió
PARTIALPASTE_EPD|Mapejant tons
PARTIALPASTE_EVERYTHING|Tot plegat
PARTIALPASTE_EXIFCHANGES|Canvis a les dades Exif
PARTIALPASTE_EXPOSURE|Exposició
PARTIALPASTE_FLATFIELDAUTOSELECT|Auto-sel. Camp Pla
PARTIALPASTE_FLATFIELDBLURRADIUS|Radi borrositat CP
PARTIALPASTE_FLATFIELDBLURTYPE|Tipus borrositat CP
PARTIALPASTE_FLATFIELDFILE|Fitxer de camp pla
PARTIALPASTE_HSVEQUALIZER|Equalitzador HSV
PARTIALPASTE_ICMSETTINGS|Ajustos gestió de color
PARTIALPASTE_IMPULSEDENOISE|Impuls de reducció de soroll
PARTIALPASTE_IPTCINFO|Dades IPTC
PARTIALPASTE_LABCURVE|Ajustos Lab
PARTIALPASTE_LENSGROUP|Ajustos de l'objectiu
PARTIALPASTE_LENSPROFILE|Perfil de correcció de l'objectiu
PARTIALPASTE_METAGROUP|Ajustos Metadades
PARTIALPASTE_PERSPECTIVE|Perspectiva
PARTIALPASTE_PREPROCESS_GREENEQUIL|Equilibri verd
PARTIALPASTE_PREPROCESS_LINEDENOISE|Filtre línia de soroll
PARTIALPASTE_RAWCACORR_AUTO|Auto-correcció AC
PARTIALPASTE_RAWEXPOS_BLACK|Nivell negre
PARTIALPASTE_RAWEXPOS_LINEAR|Factor de corr. linear de punt blanc
PARTIALPASTE_RAWGROUP|Ajustos raw
PARTIALPASTE_RAW_DCBENHANCE|Aplica pas de millora DCB
PARTIALPASTE_RAW_DCBITERATIONS|Nombre d'iteracions DCB
PARTIALPASTE_RAW_DMETHOD|Mètode demosaicat
PARTIALPASTE_RAW_FALSECOLOR|Passos de supressió de fals color demosaicant
PARTIALPASTE_RESIZE|Canviar tamany
PARTIALPASTE_RGBCURVES|Corbes RGB
PARTIALPASTE_ROTATION|Rotació
PARTIALPASTE_SHADOWSHIGHLIGHTS|Foscos/clars intensos
PARTIALPASTE_SHARPENEDGE|Vores
PARTIALPASTE_SHARPENING|Enfocant (USM/RL)
PARTIALPASTE_SHARPENMICRO|Microcontrast
PARTIALPASTE_VIBRANCE|Vibrància
PARTIALPASTE_VIGNETTING|Correcció del vorafosc
PARTIALPASTE_WHITEBALANCE|Balanç de blancs
PREFERENCES_ADD|AFEG
PREFERENCES_APPLNEXTSTARTUP|Efectiu en reiniciar
PREFERENCES_AUTOMONPROFILE|Usa els perfils dels monitors dels sist. operatius automàticament
PREFERENCES_BATCH_PROCESSING|Process. per lots
PREFERENCES_BEHAVIOR|Comportament
PREFERENCES_CACHEMAXENTRIES|Màxim nombre d'entrades a la mem. cau
PREFERENCES_CACHEOPTS|Opcions memòria cau
PREFERENCES_CACHETHUMBHEIGHT|Màxima alçada de minifoto
PREFERENCES_CLIPPINGIND|Indicador de pèrdues
PREFERENCES_CUSTPROFBUILD|Constructor de perfils de procés particulars
PREFERENCES_CUSTPROFBUILDHINT|Nom del fitxer executable (o script) per a usar un nou perfil de procés en una imatge.\nRep paràmetres en línia d'ordres per a la generació de perfils basats en regles:\n[raw/JPG path] [path per omissió del perfil de procés] [número f] [expos. en segons] [long. focal en mm] [ISO] [objectiu] [càmera]
PREFERENCES_CUSTPROFBUILDPATH|Executable path
PREFERENCES_DARKFRAMEFOUND|Trobat
PREFERENCES_DARKFRAMESHOTS|trets
PREFERENCES_DARKFRAMETEMPLATES|plantilles
PREFERENCES_DATEFORMAT|Format de data
PREFERENCES_DATEFORMATHINT|<i>Podeu fer servir les següents cadenes formatades:</i>\n<b>%y</b><i> : any</i>\n<b>%m</b><i> : mes</i>\n<b>%d</b><i> : dia</i>\n<i>\nPer exemple, el format de data hongarès és:</i>\n<b>%y/%m/%d</b>
PREFERENCES_DIRDARKFRAMES|Carpeta de marcs foscos
PREFERENCES_DIRHOME|directori home
PREFERENCES_DIRLAST|Últim directori usat
PREFERENCES_DIROTHER|Un altre
PREFERENCES_DIRSELECTDLG|Selecc. directori d'inici...
PREFERENCES_DIRSOFTWARE|Instal·lació al directori
PREFERENCES_EDITORLAYOUT|Sortida d'editor
PREFERENCES_EXTERNALEDITOR|Editor extern
PREFERENCES_FBROWSEROPTS|Opcions de navegador i minifotos
PREFERENCES_FLATFIELDFOUND|Trobat
PREFERENCES_FLATFIELDSDIR|Carpeta de camps plans
PREFERENCES_FLATFIELDSHOTS|trets
PREFERENCES_FLATFIELDTEMPLATES|plantilles
PREFERENCES_FORIMAGE|Per a imatge no raw
PREFERENCES_FORRAW|Per fitxers RAW
PREFERENCES_GIMPPATH|Directori d'instal. del GIMP
PREFERENCES_HISTOGRAMPOSITIONLEFT|Histograma al panell esquerre
PREFERENCES_HLTHRESHOLD|Llindar pèrdues en clars
PREFERENCES_ICCDIR|Directori dels perfils de color
PREFERENCES_IMPROCPARAMS|Paràm. per omissió de procés d'imatge
PREFERENCES_INTENT_ABSOLUTE|Colorimètric absolut
PREFERENCES_INTENT_PERCEPTUAL|Perceptual
PREFERENCES_INTENT_RELATIVE|Colorimètric relatiu
PREFERENCES_INTENT_SATURATION|Saturació
PREFERENCES_INTERNALTHUMBIFUNTOUCHED|Mostra la mini JPEG encastada si el raw no està editat
PREFERENCES_LANGAUTODETECT|Usa idioma del sistema
PREFERENCES_MENUGROUPEXTPROGS|Grup "Obrir amb"
PREFERENCES_MENUGROUPFILEOPERATIONS|Grup "Operacions amb fitxers"
PREFERENCES_MENUGROUPLABEL|Grup "Etiqueta de color"
PREFERENCES_MENUGROUPPROFILEOPERATIONS|Grup "Operacions de procés de perfils"
PREFERENCES_MENUGROUPRANK|Grup "Rang"
PREFERENCES_MENUOPTIONS|Opcions del menú
PREFERENCES_MULTITAB|Mode multitreball
PREFERENCES_MULTITABDUALMON|Mode multitreball en segon monitor, si se'n té un
PREFERENCES_OVERLAY_FILENAMES|Sobreposar noms de fitxer a les minifotos
PREFERENCES_OVERWRITEOUTPUTFILE|Sobrescriu fitxers en desar-los
PREFERENCES_PANFACTORLABEL|Factor
PREFERENCES_PARSEDEXT|Extensions analitzades
PREFERENCES_PARSEDEXTADD|Afegir extensió
PREFERENCES_PARSEDEXTADDHINT|Escriu una extensió i prem aquí per veure la llista
PREFERENCES_PARSEDEXTDELHINT|Esborrar l'extensió seleccionada de la llista
PREFERENCES_PROFILEHANDLING|Ficant mà als perfils de procés
PREFERENCES_PROFILELOADPR|Prioritat de càrrega de perfils
PREFERENCES_PROFILEPRCACHE|Perfil a la mem. cau
PREFERENCES_PROFILEPRFILE|Perfil juntament amb el fitxer
PREFERENCES_PROFILESAVECACHE|Desa els paràmetres de procés a la memòria cau
PREFERENCES_PROFILESAVEINPUT|Desa els paràm. de procés juntament amb la imatge
PREFERENCES_PROPERTY|Propietat
PREFERENCES_PSPATH|Directori d'instal. d'Adobe Photoshop
PREFERENCES_SELECTLANG|Seleccionar idioma
PREFERENCES_SET|Fixa
PREFERENCES_SHOWBASICEXIF|Mostra principals dades Exif
PREFERENCES_SHOWDATETIME|Indica data i hora
PREFERENCES_SHOWEXPOSURECOMPENSATION|Mostra compensació d'exposició
PREFERENCES_SHTHRESHOLD|Llindar pèrdues en foscos
PREFERENCES_SINGLETAB|Mode simple treball
PREFERENCES_SINGLETABVERTAB|Mode simple treball, vistes verticals
PREFERENCES_SND_HELP|Poseu el path o bé no res (res=silenci). A Windows useu "SystemDefault", "SystemAsterisk" etc. pels sons del sistema.
PREFERENCES_SND_LNGEDITPROCDONE|Process. d'editor fet
PREFERENCES_SND_QUEUEDONE|Procs. de la cua fets
PREFERENCES_SND_THRESHOLDSECS|després d'uns segons
PREFERENCES_STARTUPIMDIR|Directori inicial de les imatges
PREFERENCES_TAB_BROWSER|Gestor de fitxers
PREFERENCES_TAB_COLORMGR|Gestió del color
PREFERENCES_TAB_GENERAL|General
PREFERENCES_TAB_IMPROC|Processament de la imatge
PREFERENCES_TAB_SOUND|Sons
PREFERENCES_TP_LABEL|Panell d'eines:
PREFERENCES_TP_VSCROLLBAR|Amaga la barra d'eines vertical
PREFERENCES_WORKFLOW|Flux de treball
PROFILEPANEL_COPYPPASTE|Paràmetres a copiar
PROFILEPANEL_LABEL|Perfils de postprocés
PROFILEPANEL_LOADDLGLABEL|Carrega paràm. de postprocés...
PROFILEPANEL_LOADPPASTE|Paràmetres a carregar
PROFILEPANEL_PASTEPPASTE|Paràmetres a afegir
PROFILEPANEL_PCUSTOM|Especial
PROFILEPANEL_PFILE|Del fitxer
PROFILEPANEL_PLASTSAVED|Darrera desada
PROFILEPANEL_SAVEDLGLABEL|Desar paràm. de postprocés...
PROFILEPANEL_SAVEPPASTE|Paràmetres a desar
PROFILEPANEL_TOOLTIPCOPY|Copia perfil actual al portapapers.\n<b>Ctrl-click</b> per seleccionar els paràmetres a copiar
PROFILEPANEL_TOOLTIPLOAD|Carrega perfil d'un fitxer.\n<b>Ctrl-click</b> per seleccionar els paràmetres a carregar
PROFILEPANEL_TOOLTIPPASTE| Enganxa perfil del portapapers.\n<b>Ctrl-click</b> per seleccionar els paràmetres a enganxar
PROFILEPANEL_TOOLTIPSAVE|Desa l'actual com a perfil.\n<b>Ctrl-click</b> per seleccionar els paràmetres a desar
PROGRESSBAR_LOADING|Carregant imatge...
PROGRESSBAR_LOADINGTHUMBS|Carregant minifotos...
PROGRESSBAR_LOADJPEG|Carregant fitxer JPEG...
PROGRESSBAR_LOADPNG|Carregant fitxer PNG...
PROGRESSBAR_LOADTIFF|Carregant fitxer TIFF...
PROGRESSBAR_PROCESSING|Processant imatge...
PROGRESSBAR_PROCESSING_PROFILESAVED|Desat el perfil de procés
PROGRESSBAR_READY|A punt
PROGRESSBAR_SAVEJPEG|Desant fitxer JPEG...
PROGRESSBAR_SAVEPNG|Desant fitxer PNG...
PROGRESSBAR_SAVETIFF|Desant fitxer TIFF...
PROGRESSDLG_PROFILECHANGEDINBROWSER|Processant perfil canviat al navegador
QINFO_ISO|ISO
QINFO_NOEXIF|No hi ha dades Exif.
QUEUE_AUTOSTART|Auto engega
QUEUE_AUTOSTART_TOOLTIP|Inicia processat automàticament en rebre un nou treball
QUEUE_FORMAT_TITLE|Format de fitxer
QUEUE_LOCATION_FOLDER|Desa al directori
QUEUE_LOCATION_TEMPLATE|Usar plantilla
QUEUE_LOCATION_TEMPLATE_TOOLTIP|Podeu fer servir les següents cadenes de format:\n<b>%f</b>, <b>%d1</b>, <b>%d2</b>, ..., <b>%p1</b>, <b>%p2</b>, ..., <b>%r</b>\n\nAquest format es basa en les diferents parts del path d'una fotografia o bé alguns dels seus atributs.\n\nPer exemple, si la foto en curs està localitzada a:\n<b><i>/home/tom/fotos/2010-10-31/dsc0042.nef</i></b>\nel significat de les cadenes de format és:\n<b>%d4</b> = <i>home</i>\n<b>%d3</b> = <i>tom</i>\n<b>%d2</b> = <i>fotos</i>\n<b>%d1</b> = <i>2010-10-31</i>\n<b>%f</b> = <i>dsc0042</i>\n<b>%p1</b> = <i>/home/tom/fotos/2010-10-31/</i>\n<b>%p2</b> = <i>/home/tom/fotos/</i>\n<b>%p3</b> = <i>/home/tom/</i>\n<b>%p4</b> = <i>/home/</i>\n\n<b>%r</b> es canviarà pel rang de la foto.  Si la foto no té rang, %r es convertirà en un '0'.  Si la foto és a la paperera bin, %r es convertirà en 'x'.\n\nSi desitgeu desar la imatge actual on hi ha l'original, escriviu:\n<b>%p1/%f</b>\n\nSi desitgeu desar la imatge actual en un directori de nom "<i>refetes</i>" sota el directori de la imatge oberta, escriviu:\n<b>%p1/refetes/%f</b>\n\nSi desitgeu desar la imatge actual en un directori de nom "<i>/home/tom/photos/refetes/2010-10-31</i>", escriviu:\n<b>%p2/refetes/%d1/%f</b>
SAVEDLG_AUTOSUFFIX|Afegeix automàticament un sufix si el fitxer ja hi és
SAVEDLG_FILEFORMAT|Format del fitxer
SAVEDLG_JPEGQUAL|Qualitat JPEG
SAVEDLG_PUTTOQUEUE|Posa a la cua de procés
SAVEDLG_PUTTOQUEUEHEAD|Posa al principi de la cua de procés
SAVEDLG_PUTTOQUEUETAIL|Posa a la fi de la cua de procés
SAVEDLG_SAVEIMMEDIATELY|Desa ara mateix
SAVEDLG_SAVESPP|Desa els paràmetres de procés amb la imatge
SAVEDLG_SUBSAMP|Submostreig
SAVEDLG_SUBSAMP_1|Millor compressió
SAVEDLG_SUBSAMP_2|Equilibrat
SAVEDLG_SUBSAMP_3|Millor qualitat
SAVEDLG_TIFFUNCOMPRESSED|TIFF no comprimit
SAVEDLG_WARNFILENAME|El fitxer es dirà
SHCSELECTOR_TOOLTIP|Clic al botó dret per a restaurar\nla posició dels 3 nivells.
THRESHOLDSELECTOR_B|Baix
THRESHOLDSELECTOR_BL|Baix-esquerra
THRESHOLDSELECTOR_BR|Baix-dreta
THRESHOLDSELECTOR_HINT|Prement la tecla <b>Majús</b> per a moure punts individuals de control.
THRESHOLDSELECTOR_T|Dalt
THRESHOLDSELECTOR_TL|Dalt-esquerra
THRESHOLDSELECTOR_TR|Dalt-dreta
TOOLBAR_TOOLTIP_CROP|<b>Cropar</b> selecció.\nDrecera: <b>c</b>
TOOLBAR_TOOLTIP_HAND|Eina mà.\nDrecera: <b>h</b>
TOOLBAR_TOOLTIP_STRAIGHTEN|<b>Dreçar</b> / <b>rotació fina</b>.\nDrecera: <b>s</b>\n\nIndica la vertical o horitzontal dibuixant una línia de guia sobre la previsualització de la imatge. L'angle de rotació es mostrarà junt a la guia. El centre de rotació és el centre geomètric de la imatge.
TOOLBAR_TOOLTIP_WB|Afina balanç de blancs.\nDrecera: <b>w</b>
TP_CACORRECTION_BLUE|Blau
TP_CACORRECTION_LABEL|Correcció d'aberració cromàtica
TP_CACORRECTION_RED|Vermell
TP_CHMIXER_BLUE|Canal blau
TP_CHMIXER_GREEN|Canal verd
TP_CHMIXER_LABEL|Barrejador de canals
TP_CHMIXER_RED|Canal vermell
TP_COARSETRAF_TOOLTIP_HFLIP|Inversió horitzontal
TP_COARSETRAF_TOOLTIP_ROTLEFT|Rotació esquerra.\nDrecera: <b>[</b>
TP_COARSETRAF_TOOLTIP_ROTRIGHT|Rotació dreta.\nDrecera: <b>]</b>
TP_COARSETRAF_TOOLTIP_VFLIP|Inversió vertical
TP_CROP_FIXRATIO|Fixa proporció:
TP_CROP_GTDIAGONALS|Regla de diagonals
TP_CROP_GTEPASSPORT|Passaport biomètric
TP_CROP_GTFRAME|Marc
TP_CROP_GTGRID|Graella
TP_CROP_GTNONE|No cap
TP_CROP_GTRULETHIRDS|Regla dels terços
TP_CROP_GUIDETYPE|Tipus de guia:
TP_CROP_H|Alt
TP_CROP_LABEL|Cropa
TP_CROP_W|Ample
TP_CROP_X|x
TP_CROP_Y|y
TP_DARKFRAME_AUTOSELECT|Auto-selecció
TP_DARKFRAME_LABEL|Marc fosc
TP_DEFRINGE_LABEL|Desserrella
TP_DEFRINGE_RADIUS|Radi
TP_DEFRINGE_THRESHOLD|Llindar
TP_DIRPYRDENOISE_CHROMINANCE_MASTER|Crominància
TP_DIRPYRDENOISE_LUMINANCE_DETAIL|Detall de luminància
TP_DIRPYRDENOISE_LUMINANCE_SMOOTHING|Luminància
TP_DIRPYRDENOISE_MAIN_GAMMA|Gama
TP_DIRPYREQUALIZER_LABEL|Contrast per grau de detall
TP_DIRPYREQUALIZER_LUMACOARSEST|Més bast
TP_DIRPYREQUALIZER_LUMACONTRAST_MINUS|Contrast-
TP_DIRPYREQUALIZER_LUMACONTRAST_PLUS|Contrast+
TP_DIRPYREQUALIZER_LUMAFINEST|Més fi
TP_DIRPYREQUALIZER_LUMANEUTRAL|Neutral
TP_DIRPYREQUALIZER_THRESHOLD|Llindar
TP_DISTORTION_AMOUNT|Quantitat
TP_DISTORTION_LABEL|Distorsió
TP_EPD_EDGESTOPPING|Aturant a les vores
TP_EPD_LABEL|Mapejant tons
TP_EPD_REWEIGHTINGITERATES|Iteracions de ponderació
TP_EPD_SCALE|Escala
TP_EPD_STRENGTH|Intensitat
TP_EXPOSURE_AUTOLEVELS|Nivells automàtics
TP_EXPOSURE_AUTOLEVELS_TOOLTIP|Activa auto-nivells per a ajustar automàticament els valors dels paràmetres segons anàlisi de la imatge
TP_EXPOSURE_BLACKLEVEL|Negre
TP_EXPOSURE_BRIGHTNESS|Brillantor
TP_EXPOSURE_CLIP|Retall
TP_EXPOSURE_CLIP_TOOLTIP|Conjunt de píxels que es retallaran en l'anivellament automàtic
TP_EXPOSURE_COMPRHIGHLIGHTS|Quantitat recuperació de clars
TP_EXPOSURE_COMPRHIGHLIGHTSTHRESHOLD|Llindar recup. clars intensos
TP_EXPOSURE_COMPRSHADOWS|Recuperació de foscos
TP_EXPOSURE_CONTRAST|Contrast
TP_EXPOSURE_CURVEEDITOR1|Corba de to 1
TP_EXPOSURE_CURVEEDITOR2|Corba de to 2
TP_EXPOSURE_CURVEEDITOR2_TOOLTIP|Mireu aquesta secció del manual per aconseguir els millors resultats amb dobles corbes:\nThe Toolbox > Exposure Tab > Exposure Panel > Tone Curve
TP_EXPOSURE_EXPCOMP|Compens. d'exposició
TP_EXPOSURE_LABEL|Exposició
TP_EXPOSURE_SATURATION|Saturació
TP_EXPOSURE_TCMODE_FILMLIKE|Com a film
TP_EXPOSURE_TCMODE_LABEL1|Corba mode 1
TP_EXPOSURE_TCMODE_LABEL2|Corba mode 2
TP_EXPOSURE_TCMODE_SATANDVALBLENDING|Saturació i valor de mescla
TP_EXPOSURE_TCMODE_STANDARD|Estàndard
TP_EXPOSURE_TCMODE_WEIGHTEDSTD|Regulació std
TP_FLATFIELD_AUTOSELECT|Auto selecció
TP_FLATFIELD_BLURRADIUS|Radi borrositat
TP_FLATFIELD_BLURTYPE|Tipus borrositat
TP_FLATFIELD_BT_AREA|Àrea
TP_FLATFIELD_BT_HORIZONTAL|Horitzontal
TP_FLATFIELD_BT_VERTHORIZ|Vert. + Horitz.
TP_FLATFIELD_BT_VERTICAL|Vertical
TP_FLATFIELD_LABEL|Camp pla
TP_HLREC_BLEND|Barreja
TP_HLREC_CIELAB|Superposició CIELab
TP_HLREC_COLOR|Propagació de color
TP_HLREC_LABEL|Recuperació de clars
TP_HLREC_LUMINANCE|Recuperació de luminància
TP_HLREC_METHOD|Mètode:
TP_HSVEQUALIZER_CHANNEL|Canal HSV
TP_HSVEQUALIZER_HUE|H
TP_HSVEQUALIZER_LABEL|HSV Equalitzador
TP_HSVEQUALIZER_SAT|S
TP_HSVEQUALIZER_VAL|V
TP_ICM_INPUTCAMERA|Propi de la càmera
TP_ICM_INPUTCAMERAICC|Perfil de color del model de càmera detectada.
TP_ICM_INPUTCAMERAICC_TOOLTIP|Usa d'entrada el perfil de color DCP o ICC específic de càmera de RawTherapee. Aquests perfils són més precisos que els de simple matriu. Disponible per a algunes càmeres. Aquests perfils són als directoris /iccprofiles/input i /dcpprofiles i es carreguen automàticament segons un nom de fitxer que coincideix exactament amb el nom de model de la càmera.
TP_ICM_INPUTCAMERA_TOOLTIP|Usa matriu de simple color per dcraw, versió RawTherapee ampliada (qualsevol sigui disponible segons model de càmera) o inclòs dins DNG.
TP_ICM_INPUTCUSTOM|Especial
TP_ICM_INPUTCUSTOM_TOOLTIP|Selecccionar un propi fitxer de perfil de color per a la càmera
TP_ICM_INPUTDLGLABEL|Selecc. perfil d'entrada ICC...
TP_ICM_INPUTEMBEDDED|Usar l'encastat si és possible
TP_ICM_INPUTEMBEDDED_TOOLTIP|Aplica perfil de color inclòs en fitxers no raw.
TP_ICM_INPUTNONE|Sense perfil
TP_ICM_INPUTNONE_TOOLTIP|No aplicar perfil de color d'entrada tret de casos especials.
TP_ICM_INPUTPROFILE|Perfil d'entrada
TP_ICM_LABEL|Gestió de color
TP_ICM_NOICM|No cap ICM: Sortida  sRGB
TP_ICM_OUTPUTPROFILE|Perfil de sortida
TP_ICM_TONECURVE|Usa la corba de to DCP.
TP_ICM_TONECURVE_TOOLTIP|Habilita l'ús de corbes de to incloses en els perfils DCP.
TP_ICM_WORKINGPROFILE|Perfil de treball
TP_IMPULSEDENOISE_LABEL|Impuls Reducció de Soroll
TP_IMPULSEDENOISE_THRESH|Llindar d'impuls RS
TP_LABCURVE_AVOIDCOLORSHIFT|Evita alteració de color
TP_LABCURVE_AVOIDCOLORSHIFT_TOOLTIP|Fica colors al gamut de l'espai de color de treball\ni aplica la correcció Munsell
TP_LABCURVE_BRIGHTNESS|Brillantor
TP_LABCURVE_CHROMATICITY|Cromaticitat
TP_LABCURVE_CONTRAST|Contrast
TP_LABCURVE_CURVEEDITOR|Corba de luminància
TP_LABCURVE_CURVEEDITOR_A_RANGE1|Verd saturat
TP_LABCURVE_CURVEEDITOR_A_RANGE2|Verd pastel
TP_LABCURVE_CURVEEDITOR_A_RANGE3|Roig pastel
TP_LABCURVE_CURVEEDITOR_A_RANGE4|Roig saturat
TP_LABCURVE_CURVEEDITOR_B_RANGE1|Blau saturat
TP_LABCURVE_CURVEEDITOR_B_RANGE2|Blau pastel
TP_LABCURVE_CURVEEDITOR_B_RANGE3|Groc pastel
TP_LABCURVE_CURVEEDITOR_B_RANGE4|Groc saturat
TP_LABCURVE_CURVEEDITOR_CC|CC
TP_LABCURVE_CURVEEDITOR_CC_RANGE1|Neutral
TP_LABCURVE_CURVEEDITOR_CC_RANGE2|Mat
TP_LABCURVE_CURVEEDITOR_CC_RANGE3|Pastel
TP_LABCURVE_CURVEEDITOR_CC_RANGE4|Saturat
TP_LABCURVE_CURVEEDITOR_CC_TOOLTIP|Cromaticitat segons la cromaticitat
TP_LABCURVE_CURVEEDITOR_CH|CH
TP_LABCURVE_CURVEEDITOR_CH_TOOLTIP|Cromaticitat segons el Hue
TP_LABCURVE_CURVEEDITOR_LC|LC
TP_LABCURVE_CURVEEDITOR_LC_TOOLTIP|Cromaticitat segons la luminància
TP_LABCURVE_LABEL|Ajustos Lab
TP_LABCURVE_LCREDSK|LC limitat als tons vermell i pell
TP_LABCURVE_LCREDSK_TOOLTIP|Si habilitat, la corba LC (luminància segons cromaticitat) es limita als tons vermell i de pell\nSi no ho està, s'aplica a tots els tons
TP_LABCURVE_RSTPROTECTION|Protecció de tons vermells i de pell
TP_LABCURVE_RSTPRO_TOOLTIP|Es maneja amb el control de cromaticitat i la corba CC.
TP_LENSGEOM_AUTOCROP|Auto cropa
TP_LENSGEOM_FILL|Auto omple
TP_LENSGEOM_LABEL|Lent / Geometria
TP_LENSPROFILE_LABEL|Perfil de correcció de lent
TP_NEUTRAL_TOOLTIP|Torna els controls d'exposició a valors neutrals
TP_PERSPECTIVE_HORIZONTAL|Horitzontal
TP_PERSPECTIVE_LABEL|Perspectiva
TP_PERSPECTIVE_VERTICAL|Vertical
TP_PREPROCESS_GREENEQUIL|Equilibri verd
TP_PREPROCESS_LABEL|Preprocessant
TP_PREPROCESS_LINEDENOISE|Filtre línia dessoroll
TP_PREPROCESS_NO_FOUND|No trobat
TP_RAWCACORR_AUTO|Auto correcció
TP_RAWCACORR_CABLUE|Blau
TP_RAWCACORR_CARED|Vermell
TP_RAWCACORR_LABEL|Correcció d'aberració cromàtica
TP_RAWEXPOS_LINEAR|Punt blanc: factor de correcció linear
TP_RAWEXPOS_TWOGREEN|Dos verds junts
TP_RAW_DCBENHANCE|Aplica pas de millora  DCB
TP_RAW_DCBITERATIONS|Nombre d'iteracions DCB
TP_RAW_DMETHOD|Mètode
TP_RAW_FALSECOLOR|Passos de supressió del fals color
TP_RAW_LABEL|Demosaicant
TP_RESIZE_APPLIESTO|S'aplica a:
TP_RESIZE_CROPPEDAREA|Àrea cropada
TP_RESIZE_FITBOX|Capsa d'inclusió
TP_RESIZE_FULLIMAGE|Imatge sencera
TP_RESIZE_H|A:
TP_RESIZE_HEIGHT|Alt
TP_RESIZE_LABEL|Canviar tamany
TP_RESIZE_LANCZOS|Lanczos
TP_RESIZE_METHOD|Mètode:
TP_RESIZE_NEAREST|Més proper
TP_RESIZE_SCALE|Escala
TP_RESIZE_SPECIFY|Especifica:
TP_RESIZE_W|L:
TP_RESIZE_WIDTH|Ample
TP_RGBCURVES_BLUE|B
TP_RGBCURVES_CHANNEL|Canal
TP_RGBCURVES_GREEN|V
TP_RGBCURVES_LABEL|Corbes RGB
TP_RGBCURVES_RED|R
TP_ROTATE_DEGREE|Graus
TP_ROTATE_LABEL|Rota
TP_ROTATE_SELECTLINE|Selecc. línia recta
TP_SHADOWSHLIGHTS_HIGHLIGHTS|Clars intensos
TP_SHADOWSHLIGHTS_HLTONALW|Amplada de to per Clars I.
TP_SHADOWSHLIGHTS_LABEL|Foscos/Clars intensos
TP_SHADOWSHLIGHTS_RADIUS|Radi
TP_SHADOWSHLIGHTS_SHADOWS|Foscos
TP_SHADOWSHLIGHTS_SHTONALW|Amplada de to per Foscos
TP_SHARPENEDGE_AMOUNT|Quantitat
TP_SHARPENEDGE_LABEL|Vores
TP_SHARPENEDGE_PASSES|Iteracions
TP_SHARPENEDGE_THREE|Només luminància
TP_SHARPENING_AMOUNT|Quantitat
TP_SHARPENING_EDRADIUS|Radi
TP_SHARPENING_EDTOLERANCE|Tolerància vores
TP_SHARPENING_HALOCONTROL|Control de halo
TP_SHARPENING_HCAMOUNT|Quantitat
TP_SHARPENING_LABEL|Enfocant
TP_SHARPENING_METHOD|Mètode
TP_SHARPENING_ONLYEDGES|Enfocar només vores
TP_SHARPENING_RADIUS|Radi
TP_SHARPENING_RLD|RL Deconvolució
TP_SHARPENING_RLD_AMOUNT|Quantitat
TP_SHARPENING_RLD_DAMPING|Ablaniment
TP_SHARPENING_RLD_ITERATIONS|Iteracions
TP_SHARPENING_THRESHOLD|Llindar
TP_SHARPENING_USM|Màscara d'enfocament
TP_SHARPENMICRO_AMOUNT|Quantitat
TP_SHARPENMICRO_LABEL|Microcontrast
TP_SHARPENMICRO_MATRIX|matriu 3×3 en lloc de 5×5
TP_SHARPENMICRO_UNIFORMITY|Uniformitat
TP_VIBRANCE_AVOIDCOLORSHIFT|Evita alteració de color
TP_VIBRANCE_CURVEEDITOR_SKINTONES|HH
TP_VIBRANCE_CURVEEDITOR_SKINTONES_LABEL|Tons de pell
TP_VIBRANCE_CURVEEDITOR_SKINTONES_RANGE1|Vermell/porpra
TP_VIBRANCE_CURVEEDITOR_SKINTONES_RANGE2|Vermell
TP_VIBRANCE_CURVEEDITOR_SKINTONES_RANGE3|Vermell/groc
TP_VIBRANCE_CURVEEDITOR_SKINTONES_RANGE4|Groc
TP_VIBRANCE_CURVEEDITOR_SKINTONES_TOOLTIP|Hue segons el Hue
TP_VIBRANCE_LABEL|Vibrància
TP_VIBRANCE_PASTELS|Tons pastel
TP_VIBRANCE_PASTSATTOG|Enllaç de tons pastel i saturats
TP_VIBRANCE_PROTECTSKINS|Protecció dels tons de pell
TP_VIBRANCE_PSTHRESHOLD|Llindar tons pastel/saturats
TP_VIBRANCE_PSTHRESHOLD_SATTHRESH|Llindar de saturació
TP_VIBRANCE_PSTHRESHOLD_TOOLTIP|L'eix vertical representa tons pastel a baix i tons saturats a dalt. L'horitzontal representa el grau de saturació.
TP_VIBRANCE_PSTHRESHOLD_WEIGTHING|Regulant la transició pastel/saturat
TP_VIBRANCE_SATURATED|Tons saturats
TP_VIGNETTING_AMOUNT|Quantitat
TP_VIGNETTING_CENTER|Centre
TP_VIGNETTING_CENTER_X|Centre X
TP_VIGNETTING_CENTER_Y|Centre Y
TP_VIGNETTING_LABEL|Correcció vorafosc
TP_VIGNETTING_RADIUS|Radi
TP_VIGNETTING_STRENGTH|Força
TP_WBALANCE_AUTO|Auto
TP_WBALANCE_CAMERA|Càmera
TP_WBALANCE_CLOUDY|Núvols
TP_WBALANCE_CUSTOM|Especial
TP_WBALANCE_DAYLIGHT|Llum de dia (sol)
TP_WBALANCE_FLASH55|Leica
TP_WBALANCE_FLASH60|Standard, Canon, Pentax, Olympus
TP_WBALANCE_FLASH65|Nikon, Panasonic, Sony, Minolta
TP_WBALANCE_FLASH_HEADER|Flash
TP_WBALANCE_FLUO1|F1 - Llum de dia
TP_WBALANCE_FLUO2|F2 - Blanc fred
TP_WBALANCE_FLUO3|F3 - Blanc
TP_WBALANCE_FLUO4|F4 - Blanc càl·lid
TP_WBALANCE_FLUO5|F5 - Llum de dia
TP_WBALANCE_FLUO6|F6 - Blanc menor
TP_WBALANCE_FLUO7|F7 - D65 simulador llum de dia
TP_WBALANCE_FLUO8|F8 - D50 / Sylvania F40 Design
TP_WBALANCE_FLUO9|F9 - Blanc fred de luxe
TP_WBALANCE_FLUO10|F10 - Philips TL85
TP_WBALANCE_FLUO11|F11 - Philips TL84
TP_WBALANCE_FLUO12|F12 - Philips TL83
TP_WBALANCE_FLUO_HEADER|Fluorescent
TP_WBALANCE_GREEN|Tint
TP_WBALANCE_GTI|GTI
TP_WBALANCE_HMI|HMI
TP_WBALANCE_JUDGEIII|JudgeIII
TP_WBALANCE_LABEL|Balanç de blancs
TP_WBALANCE_LAMP_HEADER|Làmpara
TP_WBALANCE_LED_CRS|CRS SP12 WWMR16
TP_WBALANCE_LED_HEADER|LED
TP_WBALANCE_LED_LSI|LSI Lumelex 2040
TP_WBALANCE_METHOD|Mètode
TP_WBALANCE_SHADE|Ombra
TP_WBALANCE_SIZE|Tamany:
TP_WBALANCE_SOLUX35|Solux 3500K
TP_WBALANCE_SOLUX41|Solux 4100K
TP_WBALANCE_SOLUX47|Solux 4700K (vendor)
TP_WBALANCE_SOLUX47_NG|Solux 4700K (Nat. Gallery)
TP_WBALANCE_SPOTWB|Punt b. blancs
TP_WBALANCE_TEMPERATURE|Temperatura
TP_WBALANCE_TUNGSTEN|Tungstèn
ZOOMPANEL_100|(100%)
ZOOMPANEL_NEWCROPWINDOW|Obre una altra finestra de detall
ZOOMPANEL_ZOOM100|Zoom 100%\nDrecera: <b>z</b>
ZOOMPANEL_ZOOMFITSCREEN|Ajusta a la finestra\nDrecera: <b>Alt</b>-<b>f</b>
ZOOMPANEL_ZOOMIN|Apropa\nDrecera: <b>+</b>
ZOOMPANEL_ZOOMOUT|Allunya\nDrecera: <b>-</b>
