a,b,b2
ABOUT_TAB_BUILD,Version,Versió
ABOUT_TAB_CREDITS,Credits,Crèdits
ABOUT_TAB_LICENSE,License,Llicència
ABOUT_TAB_RELEASENOTES,Release Notes,Notes de la versió
ABOUT_TAB_SPLASH,Splash,Splash
BATCH_PROCESSING,Batch Processing,Processament per lots
CURVEEDITOR_CURVE,Curve,Corba
CURVEEDITOR_CURVES,Curves,Corbes
CURVEEDITOR_CUSTOM,Standard,A mida
CURVEEDITOR_DARKS,Darks,Foscos
CURVEEDITOR_HIGHLIGHTS,Highlights,Clars intensos
CURVEEDITOR_LIGHTS,Lights,Clars
CURVEEDITOR_LINEAR,Linear,Lineal
CURVEEDITOR_LOADDLGLABEL,Load curve,Carrega corba...
CURVEEDITOR_MINMAXCPOINTS,Equalizer,Mínima/Màxima punts de control
CURVEEDITOR_NURBS,Control cage,Gàbia de control
CURVEEDITOR_PARAMETRIC,Parametric,Paramètric
CURVEEDITOR_SAVEDLGLABEL,Save curve...,Desa corba...
CURVEEDITOR_SHADOWS,Shadows,Ombres
CURVEEDITOR_TOOLTIPCOPY,Copy current curve to clipboard.,Copia la corba actual al portap.
CURVEEDITOR_TOOLTIPLINEAR,Reset curve to linear.,Restaura corba lineal (recta)
CURVEEDITOR_TOOLTIPLOAD,Load a curve from file.,Carrega corba de fitxer
CURVEEDITOR_TOOLTIPPASTE,Paste curve from clipboard.,Enganxa corba del portap.
CURVEEDITOR_TOOLTIPSAVE,Save current curve.,Desa la corba actual
CURVEEDITOR_TYPE,Type:,Tipus:
DIRBROWSER_FOLDERS,Folders,Carpetes
EDITWINDOW_TITLE,Image Edit,Edita imatge
EXIFFILTER_APERTURE,Aperture,Obertura
EXIFFILTER_CAMERA,Camera,Càmera
EXIFFILTER_EXPOSURECOMPENSATION,Exposure compensation (EV),Compensació d'exposició (EV)
EXIFFILTER_FILETYPE,File type,Tipus de fitxer
EXIFFILTER_FOCALLEN,Focal length,Distància focal
EXIFFILTER_ISO,ISO,ISO
EXIFFILTER_LENS,Lens,Objectiu
EXIFFILTER_METADATAFILTER,Enable metadata filters,Empra filtres Metadata
EXIFFILTER_SHUTTER,Shutter,Temps d'exposició
EXIFPANEL_ADDEDIT,Add/Edit,Afegir/Editar
EXIFPANEL_ADDEDITHINT,Add new tag or edit tag.,Afegir nou atribut o editar-lo
EXIFPANEL_ADDTAGDLG_ENTERVALUE,Enter value,Entrar valor
EXIFPANEL_ADDTAGDLG_SELECTTAG,Select tag,Selecciona atribut
EXIFPANEL_ADDTAGDLG_TITLE,Add/Edit Tag,Afegir/Editar atribut
EXIFPANEL_KEEP,Keep,Guarda
EXIFPANEL_KEEPHINT,Keep the selected tags when writing output file.,Conserva atributs seleccionats en escriure un nou fitxer
EXIFPANEL_REMOVE,Remove,Esborra
EXIFPANEL_REMOVEHINT,Remove the selected tags when writing output file.,Esborra atributs seleccionats en escriure un nou fitxer
EXIFPANEL_RESET,Reset,Reinicialitza
EXIFPANEL_RESETALL,Reset All,Reinic. tot
EXIFPANEL_RESETALLHINT,Reset all tags to their original values.,Reinicialitza atributs als valors originals
EXIFPANEL_RESETHINT,Reset the selected tags to their original values.,Reinic. atributs seleccionats als valors originals
EXIFPANEL_SUBDIRECTORY,Subdirectory,Subdirectori
EXPORT_BYPASS_ALL,Select / Unselect All,Selecciona / Deselecciona tot
EXPORT_BYPASS_DEFRINGE,Bypass Defringe,Salta desserrellar
EXPORT_BYPASS_DIRPYRDENOISE,Bypass Noise Reduction,Salta reducció de soroll
EXPORT_BYPASS_DIRPYREQUALIZER,Bypass Contrast by Detail Levels,Salta contrast per nivells de detall
EXPORT_BYPASS_RAW_CA,Bypass [raw] Chromatic Aberration Correction,Salta [raw] correcció d'aberració cromàtica
EXPORT_BYPASS_RAW_CCSTEPS,Bypass [raw] False Color Suppression,Salta [raw] supressió de fals color
EXPORT_BYPASS_RAW_DCB_ENHANCE,Bypass [raw] DCB Enhancement Steps,Salta [raw] passos de millora DCB
EXPORT_BYPASS_RAW_DCB_ITERATIONS,Bypass [raw] DCB Iterations,Salta [raw] iteracions DCB
EXPORT_BYPASS_RAW_DF,Bypass [raw] Dark-Frame,Salta [raw] marc fosc
EXPORT_BYPASS_RAW_FF,Bypass [raw] Flat-Field,Salta [raw] camp pla
EXPORT_BYPASS_RAW_GREENTHRESH,Bypass [raw] Green Equilibration,Salta [raw] equilibri de verd
EXPORT_BYPASS_RAW_LINENOISE,Bypass [raw] Line Noise Filter,Salta [raw] línia de filtre de soroll
EXPORT_BYPASS_SHARPENEDGE,Bypass Edge Sharpening,Salta afinar vores
EXPORT_BYPASS_SHARPENING,Bypass Sharpening,Salta reenfocar
EXPORT_BYPASS_SHARPENMICRO,Bypass Microcontrast,Salta microcontrast
EXPORT_FASTEXPORTOPTIONS,<b>Fast Export Options</b>,<b>Opcions d'exportació ràpida</b>
EXPORT_INSTRUCTIONS,Fast Export options provide overrides to bypass time and resource consuming development settings and to run queue processing using the fast export settings instead. This method is recommended for quicker generation of lower resolution images when speed is a priority or when resized output is desired for one or many images without making modifications to their saved development parameters.,Les opcions d'exportació ràpida permeten estalviar temps i recursos obviant els ajustos establerts de desenvolupament i processar la cua amb més celeritat. Es recomana aquest mètode per a una ràpida generació d'imatges de baixa resolució quan cal prioritzar la rapidesa o en canvis de tamany d'una o diverses imatges sense modificar els seus paràmetres de desenvolupament desats.
EXPORT_MAXHEIGHT,Maximum height:,Alçada màxima:
EXPORT_MAXWIDTH,Maximum width:,Ample màxim:
EXPORT_PUTTOQUEUEFAST,Put to queue for fast export,  Posa a la cua per a export. ràpida  
EXPORT_RAW_DMETHOD,Demosaic method,Mètode de demosaicar
EXTPROGTARGET_1,raw,raw
EXTPROGTARGET_2,queue-processed,cua processada
FILEBROWSER_APPLYPROFILE,Apply,Aplica
FILEBROWSER_APPLYPROFILE_PARTIAL,Apply - partial,Aplica - parcial
FILEBROWSER_AUTODARKFRAME,Auto dark-frame,Auto marc fosc
FILEBROWSER_AUTOFLATFIELD,Auto flat-field,Auto camp pla
FILEBROWSER_BROWSEPATHHINT,Type a path to navigate to.\n\nKeyboard shortcuts:\n<b>Ctrl-o</b> to focus to the path text box.\n<b>Enter</b> / <b>Ctrl-Enter</b> to browse there;\n<b>Esc</b> to clear changes.\n<b>Shift-Esc</b> to remove focus.\n\nPath shortcuts:\n<b>~</b>	- user's home directory.\n<b>!</b>	- user's pictures directory,Escriviu path on buscar.\n<b>Ctrl-O</b> dirigir-se al path de la finestra de text.\n<b>Enter</b> / <b>Ctrl-Enter</b> (en el gestor de fitxers) per a navegar allí;\n\nPath dreceres:\n  <b>~</b> - directori home de l'usuari\n  <b>!</b> - directori de fotografies de l'usuari
FILEBROWSER_CACHE,Cache,Cau
FILEBROWSER_CLEARPROFILE,Clear,Neteja
FILEBROWSER_COPYPROFILE,Copy,Copia
FILEBROWSER_CURRENT_NAME,Current name:,Nom actual:
FILEBROWSER_DARKFRAME,Dark-frame,Marc fosc
FILEBROWSER_DELETEDIALOG_HEADER,File delete confirmation:,Confirmació d'esborrar fitxer
FILEBROWSER_EMPTYTRASH,Empty trash,Buida paperera
FILEBROWSER_EXTPROGMENU,Open with,Obre amb
FILEBROWSER_FLATFIELD,Flat-Field,Camp pla
FILEBROWSER_MOVETODARKFDIR,Move to dark-frames directory,Canvia al directori de camps foscos
FILEBROWSER_MOVETOFLATFIELDDIR,Move to flat-fields directory,Canvia al directori de camps plans
FILEBROWSER_NEW_NAME,New name:,Nou nom:
FILEBROWSER_OPENDEFAULTVIEWER,Windows default viewer (queue-processed),Visor per omissió (cua-processat)
FILEBROWSER_PARTIALPASTEPROFILE,Paste - partial,Enganxa - parcialment
FILEBROWSER_PASTEPROFILE,Paste,Enganxa
FILEBROWSER_POPUPCANCELJOB,Cancel job,Cancel·la treball
FILEBROWSER_POPUPCOLORLABEL,Color label,Color d'etiqueta
FILEBROWSER_POPUPCOPYTO,Copy to...,Copia a...
FILEBROWSER_POPUPFILEOPERATIONS,File operations,Operacions amb fitxers
FILEBROWSER_POPUPMOVEEND,Move to end of queue,Mou a la fi de la cua
FILEBROWSER_POPUPMOVEHEAD,Move to head of queue,Mou a l'inici de la cua
FILEBROWSER_POPUPMOVETO,Move to...,Mou cap a...
FILEBROWSER_POPUPOPEN,Open,Obre
FILEBROWSER_POPUPOPENINEDITOR,Open in Editor,Obrir en Editor
FILEBROWSER_POPUPPROCESS,Put to queue,Posa a la cua
FILEBROWSER_POPUPPROCESSFAST,Put to queue (Fast export),Posa a la cua (export. ràpida)
FILEBROWSER_POPUPPROFILEOPERATIONS,Processing profile operations,Processant operacions de perfil
FILEBROWSER_POPUPRANK,Rank,Rang
FILEBROWSER_POPUPRENAME,Rename,Reanomena
FILEBROWSER_POPUPSELECTALL,Select all,Selec. tot
FILEBROWSER_POPUPTRASH,Move to trash,Llença a la paperera
FILEBROWSER_POPUPUNRANK,Unrank,Treu el rang
FILEBROWSER_POPUPUNTRASH,Remove from trash,Recup. de la paperera
FILEBROWSER_QUERYBUTTONHINT,Clear the Find query,Neteja la recerca
FILEBROWSER_QUERYHINT,"Type filenames to search for. Supports partial filenames. Separate the search terms using commas, e.g.\n<i>1001,1004,1199</i>\n\nExclude search terms by prefixing them with <i>!=</i>\ne.g.\n<i>!=1001,1004,1199</i>\n\nShortcuts:\n<b>Ctrl-f</b> - focus the Find box,\n<b>Enter</b> - search,\n<b>Esc</b> - clear the Find box,\n<b>Shift-Esc</b> - defocus the Find box.","Escriviu <i>part del nom d'un fitxer</i> a cercar o bé <i>llista amb comes com a separadort</i>.\nE.g. <i>1001,1004,1199</i> \n\n<b>Ctrl-F</b> entra a la finestra de text a cercar (en el gestor de fitxers).\n<b>Enter</b> comença a buscar.\n<b>Escape</b> neteja."
FILEBROWSER_QUERYLABEL, Find:, Cerca: 
FILEBROWSER_RENAMEDLGLABEL,Rename file,Reanomena fitxer
FILEBROWSER_SELECTDARKFRAME,Select dark-frame...,Selecc. marc fosc...
FILEBROWSER_SELECTFLATFIELD,Select flat-field...,Selecc. camp pla...
FILEBROWSER_SHOWCOLORLABEL1HINT,Show images labeled Red.\nShortcut: <b>Alt-1</b>,Mostra imatges etiqueta vermella.\nDrecera: <b>Alt-1</b>
FILEBROWSER_SHOWCOLORLABEL2HINT,Show images labeled Yellow.\nShortcut: <b>Alt-2</b>,Mostra imatges etiqueta groga.\nDrecera: <b>Alt-2</b>
FILEBROWSER_SHOWCOLORLABEL3HINT,Show images labeled Green.\nShortcut: <b>Alt-3</b>,Mostra imatges etiqueta verda.\nDrecera: <b>Alt-3</b>
FILEBROWSER_SHOWCOLORLABEL4HINT,Show images labeled Blue.\nShortcut: <b>Alt-4</b>,Mostra imatges etiqueta blava.\nDrecera: <b>Alt-4</b>
FILEBROWSER_SHOWCOLORLABEL5HINT,Show images labeled Purple.\nShortcut: <b>Alt-5</b>,Mostra imatges etiqueta porpra.\nDrecera: <b>Alt-5</b>
FILEBROWSER_SHOWDIRHINT,Clear all filters.\nShortcut: <b>d</b>,Neteja tots els filtres.\nDrecera: <b>D</b>
FILEBROWSER_SHOWEDITEDHINT,Show edited images.\nShortcut: <b>7</b>,Mostra imatges editades.\nDrecera: <b>7</b>
FILEBROWSER_SHOWEDITEDNOTHINT,Show not edited images.\nShortcut: <b>6</b>,Mostra imatges no editades.\nDrecera: <b>6</b>
FILEBROWSER_SHOWEXIFINFO,"Show Exif info.\n\nShortcuts:\n<b>i</b> - Multiple Editor Tabs Mode,\n<b>Alt-i</b> - Single Editor Tab Mode.",Mostra dades EXIF.\nDrecera: <b>i</b>
FILEBROWSER_SHOWRANK1HINT,Show images ranked as 1-star.\nShortcut: <b>1</b>,Exposa imatges d' 1 estrella.\nDrecera: <b>1</b>
FILEBROWSER_SHOWRANK2HINT,Show images ranked as 2-star.\nShortcut: <b>2</b>,Exposa imatges de 2 estrelles.\nDrecera: <b>2</b>
FILEBROWSER_SHOWRANK3HINT,Show images ranked as 3-star.\nShortcut: <b>3</b>,Exposa imatges de 3 estrelles.\nDrecera: <b>3</b>
FILEBROWSER_SHOWRANK4HINT,Show images ranked as 4-star.\nShortcut: <b>4</b>,Exposa imatges de 4 estrelles.\nDrecera: <b>4</b>
FILEBROWSER_SHOWRANK5HINT,Show images ranked as 5-star.\nShortcut: <b>5</b>,Exposa imatges de 5 estrelles.\nDrecera: <b>5</b>
FILEBROWSER_SHOWRECENTLYSAVEDHINT,Show saved images.\nShortcut: <b>Alt-7</b>,Mostra últimes imatges desades.\nDrecera: <b>Alt-7</b>
FILEBROWSER_SHOWRECENTLYSAVEDNOTHINT,Show unsaved images.\nShortcut: <b>Alt-6</b>,Mostra imatges no recentment desades.\nDrecera: <b>Alt-6</b>
FILEBROWSER_SHOWTRASHHINT,Show contents of trash.\nShortcut: <b>Ctrl-t</b>,Veure què hi ha a la paperera.\nDrecera: <b>Ctrl-t</b>
FILEBROWSER_SHOWUNCOLORHINT,Show images without a color label.\nShortcut: <b>Alt-0</b>,Mostra imatges sense etiqueta de color.\nDrecera: <b>Alt-0</b>
FILEBROWSER_SHOWUNRANKHINT,Show unranked images.\nShortcut: <b>0</b>,Mostra imatges sense rang.\nDrecera: <b>0</b>
FILEBROWSER_THUMBSIZE,Thumbnail size,Tamany minifoto
FILEBROWSER_ZOOMINHINT,"Increase thumbnail size.\n\nShortcuts:\n<b>+</b> - Multiple Editor Tabs Mode,\n<b>Alt</b>-<b>+</b> - Single Editor Tab Mode.",Engrandir minifoto.\nDrecera: <b>+</b>
FILEBROWSER_ZOOMOUTHINT,"Decrease thumbnail size.\n\nShortcuts:\n<b>-</b> - Multiple Editor Tabs Mode,\n<b>Alt</b>-<b>-</b> - Single Editor Tab Mode.",Reduïr minifoto.\nDrecera: <b>-</b>
GENERAL_ABOUT,About,Respecte a
GENERAL_AFTER,After,Després
GENERAL_BEFORE,Before,Abans
GENERAL_CANCEL,Cancel,Cancel·la
GENERAL_DISABLE,Disable,Inactiva
GENERAL_DISABLED,Disabled,Inactivat
GENERAL_ENABLE,Enable,Activa
GENERAL_ENABLED,Enabled,Activat
GENERAL_FILE,File,Fitxer
GENERAL_LANDSCAPE,Landscape,Horitzontal
GENERAL_NA,,
GENERAL_NO,No,No
GENERAL_NONE,,No cap
GENERAL_OK,OK,OK
GENERAL_PORTRAIT,Portrait,Vertical
GENERAL_SAVE,Save,Desa
GENERAL_UNCHANGED,(Unchanged),(No canviat)
GENERAL_WARNING,Warning,Avís
HISTOGRAM_TOOLTIP_B,Show/Hide blue histogram.,Mostra/amaga l'histograma BLAU
HISTOGRAM_TOOLTIP_BAR,Show/Hide RGB indicator bar.,Mostra/amaga la barra indicadora RGB\nClic botó dret a la previsualització per a congelar/descongelar
HISTOGRAM_TOOLTIP_G,Show/Hide green histogram.,Mostra/amaga l'histograma VERD
HISTOGRAM_TOOLTIP_L,Show/Hide CIELab luminance histogram.,Mostra/amaga l'histograma de luminància CIELAB
HISTOGRAM_TOOLTIP_R,Show/Hide red histogram.,Mostra/amaga l'histograma VERMELL
HISTORY_CHANGED,Changed,Canviat
HISTORY_CUSTOMCURVE,Custom curve,Corba particular
HISTORY_FROMCLIPBOARD,From clipboard,Del portapapers
HISTORY_LABEL,History,Història
HISTORY_MSG_1,Photo loaded,Imatge oberta
HISTORY_MSG_3,PP3 changed,PP3 canviat
HISTORY_MSG_4,History browsing,Repassant la història
HISTORY_MSG_5,Exposure - Lightness,Brillantor
HISTORY_MSG_6,Exposure - Contrast,Contrast
HISTORY_MSG_7,Exposure - Black,Negre
HISTORY_MSG_8,Exposure - Compensation,Compensació d'exposició
HISTORY_MSG_9,Exposure - Highlight compression,Compressió de clars intensos
HISTORY_MSG_10,Exposure - Shadow compression,Compressió de foscos
HISTORY_MSG_11,Exposure - Tone curve 1,Corba de to 1
HISTORY_MSG_12,Exposure - Auto levels,Exposició automàtica
HISTORY_MSG_13,Exposure - Clip,Pèrdua per exposició
HISTORY_MSG_14,L*a*b* - Lightness,Luminància: Brillantor
HISTORY_MSG_15,L*a*b* - Contrast,Luminància: Contrast
HISTORY_MSG_19,L*a*b* - L* curve,Corba 'L'
HISTORY_MSG_20,Sharpening,Enfocant
HISTORY_MSG_21,USM - Radius,Enfocant -Radi
HISTORY_MSG_22,USM - Amount,Enfocant -Quantitat
HISTORY_MSG_23,USM - Threshold,Enfocant -Llindar
HISTORY_MSG_24,USM - Sharpen only edges,Enfocar només vores
HISTORY_MSG_25,USM - Edge detection radius,Enfocant -Radi detecció de vora
HISTORY_MSG_26,USM - Edge tolerance,Enfocant -Tolerància vora
HISTORY_MSG_27,USM - Halo control,Enfocant -Control de halo
HISTORY_MSG_28,USM - Halo control amount,Control de halo -quantitat
HISTORY_MSG_29,Sharpening - Method,Mètode d'enfocar
HISTORY_MSG_30,RLD - Radius,Deconvolució: Radi
HISTORY_MSG_31,RLD - Amount,Deconvolució: Quantitat
HISTORY_MSG_32,RLD - Damping,Deconvolució: Ablaniment
HISTORY_MSG_33,RLD - Iterations,Deconvolució: Iteracions
HISTORY_MSG_34,Lens Correction - Distortion,Correcció distorsió LCP
HISTORY_MSG_35,Lens Correction - Vignetting,Correcció vorafosc LCP
HISTORY_MSG_37,Exposure - Auto levels,Nivells automàtics
HISTORY_MSG_38,White Balance - Method,Mètode de balanç de blancs
HISTORY_MSG_39,WB - Temperature,Temperatura de color
HISTORY_MSG_40,WB - Tint,Tint de balanç de blancs
HISTORY_MSG_41,Exposure - Tone curve 1 mode,Corba de to mode 1
HISTORY_MSG_42,Exposure - Tone curve 2,Corba de to 2
HISTORY_MSG_43,Exposure - Tone curve 2 mode,Corba de to mode 2
HISTORY_MSG_48,DCP - Tone curve,Usa corba de to DCP
HISTORY_MSG_49,DCP illuminant,"Dessoroll de color, sensib. de vores"
HISTORY_MSG_50,Shadows/Highlights,Foscos/clars intensos
HISTORY_MSG_51,S/H - Highlights,Clars intensos
HISTORY_MSG_52,S/H - Shadows,Foscos
HISTORY_MSG_53,S/H - Highlights tonal width,Amplada de to de clars
HISTORY_MSG_54,S/H - Shadows tonal width,Amplada de to de foscos
HISTORY_MSG_56,S/H - Radius,Radi foscos/clars intensos
HISTORY_MSG_57,Coarse rotation,Rotació tosca
HISTORY_MSG_58,Horizontal flipping,Inversió horitzontal
HISTORY_MSG_59,Vertical flipping,Inversió vertical
HISTORY_MSG_60,Rotation,Rotació
HISTORY_MSG_61,Auto-fill,Auto-omple
HISTORY_MSG_62,Distortion correction,Correcció distorsió de l'objectiu
HISTORY_MSG_63,Snapshot selected,Instantània seleccionada
HISTORY_MSG_64,Crop,Cropa foto
HISTORY_MSG_65,CA correction,Correcció A.C.
HISTORY_MSG_66,Exposure - Highlight reconstruction,Recuperació de clars intensos
HISTORY_MSG_68,Exposure - HLR method,Recup. de clars: mètode
HISTORY_MSG_69,Working color space,Espai de color de treball
HISTORY_MSG_70,Output color space,Espai de color de sortida
HISTORY_MSG_71,Input color space,Espai de color d'entrada
HISTORY_MSG_72,VC - Amount,Correcció del vorafosc
HISTORY_MSG_73,Channel Mixer,Barrejador de canals
HISTORY_MSG_74,Resize - Scale,Canviar l'escala
HISTORY_MSG_75,Resize - Method,Mètode de canvi d'escala
HISTORY_MSG_76,Exif metadata,Metadades Exif
HISTORY_MSG_77,IPTC metadata,Metadades IPTC
HISTORY_MSG_79,Resize - Width,Variar amplada
HISTORY_MSG_80,Resize - Height,Variar alçada
HISTORY_MSG_81,Resize,Escalat activat
HISTORY_MSG_82,Profile changed,Perfil canviat
HISTORY_MSG_84,Perspective correction,Correcció de perspectiva
HISTORY_MSG_85,Lens Correction - LCP file,Perfil de correcció de la lent
HISTORY_MSG_86,RGB Curves - Luminosity mode,Equalitzador d'ónula
HISTORY_MSG_87,Impulse Noise Reduction,Impuls de Reduc. de Soroll
HISTORY_MSG_88,Impulse NR threshold,Llindar impuls RS
HISTORY_MSG_89,Noise Reduction,Reducció de soroll
HISTORY_MSG_90,NR - Luminance,RS - luminància
HISTORY_MSG_91,NR - Chrominance master,RS - crominància
HISTORY_MSG_92,NR - Gamma,RS - gama
HISTORY_MSG_93,CbDL - Value,Intens. de contrast per grau de detall
HISTORY_MSG_94,Contrast by Detail Levels,Contrast per grau de detall
HISTORY_MSG_95,L*a*b* - Chromaticity,Cromaticitat
HISTORY_MSG_96,L*a*b* - a* curve,corba 'a'
HISTORY_MSG_97,L*a*b* - b* curve,corba 'b'
HISTORY_MSG_98,Demosaicing method,Mètode demosaicat
HISTORY_MSG_99,Hot pixel filter,Filtre píxels cremats/morts
HISTORY_MSG_100,Exposure - Saturation,Saturació RGB
HISTORY_MSG_101,HSV - Hue,HSV EQ -- Hue
HISTORY_MSG_102,HSV - Saturation,HSV EQ -- Saturació
HISTORY_MSG_103,HSV - Value,HSV EQ -- Valor
HISTORY_MSG_104,HSV Equalizer,HSV Equalitzador
HISTORY_MSG_105,Defringe,Desserrellant
HISTORY_MSG_106,Defringe - Radius,"Desserrellar, radi"
HISTORY_MSG_107,Defringe - Threshold,"Desserrellar, llindar"
HISTORY_MSG_108,Exposure - HLC threshold,Llindar compr. clars intensos
HISTORY_MSG_109,Resize - Bounding box,Escala capsa d'inclusió
HISTORY_MSG_110,Resize - Applies to,L'escalat s'aplica a
HISTORY_MSG_111,L*a*b* - Avoid color shift,Evita estralls de color
HISTORY_MSG_112,--unused--,--no usat--
HISTORY_MSG_113,L*a*b* - Red/skin prot.,Protecció de tons vermell i pell
HISTORY_MSG_114,DCB iterations,Iteracions DCB
HISTORY_MSG_115,False color suppression,Iteracions fals color
HISTORY_MSG_116,DCB enhancement,DCB ampliat
HISTORY_MSG_119,Line noise filter,Línia dessoroll
HISTORY_MSG_120,Green equilibration,Llindar equil. verd
HISTORY_MSG_122,Dark-Frame - Auto-selection,Auto marc fosc
HISTORY_MSG_123,Dark-Frame - File,Fitxer de camp fosc
HISTORY_MSG_124,White point correction,Correc. expo. linear
HISTORY_MSG_126,Flat-Field - File,Fitxer de camp pla
HISTORY_MSG_127,Flat-Field - Auto-selection,Auto-sel. camp pla
HISTORY_MSG_128,Flat-Field - Blur radius,Camp pla borrós - radi
HISTORY_MSG_129,Flat-Field - Blur type,Camp pla borrós - tipus
HISTORY_MSG_130,Auto distortion correction,Auto-distorsió
HISTORY_MSG_137,Black level - Green 1,Negre nivell verd 1
HISTORY_MSG_138,Black level - Red,Negre nivell roig
HISTORY_MSG_139,Black level - Blue,Negre nivell blau
HISTORY_MSG_140,Black level - Green 2,Negre nivell verd 2
HISTORY_MSG_141,Black level - Link greens,Negre nivell verd junts
HISTORY_MSG_142,ES - Iterations,Afinant vores - iteracions
HISTORY_MSG_143,ES - Quantity,Afinant vores - quantitat
HISTORY_MSG_144,Microcontrast - Quantity,Microcontrast - quantitat
HISTORY_MSG_145,Microcontrast - Uniformity,Microcontrast - uniformitat
HISTORY_MSG_146,Edge sharpening,Afinament de vores
HISTORY_MSG_147,ES - Luminance only,Afinant vores - només luminància
HISTORY_MSG_148,Microcontrast,Microcontrast
HISTORY_MSG_149,Microcontrast - 3×3 matrix,Microcontrast - matriu 3×3
HISTORY_MSG_150,Post-demosaic artifact/noise red.,Artefactes en post-demosaicat/reducció de soroll
HISTORY_MSG_151,Vibrance,Vibrància
HISTORY_MSG_152,Vib - Pastel tones,Vibrància - tons pastel
HISTORY_MSG_153,Vib - Saturated tones,Vibrància - tons saturats
HISTORY_MSG_154,Vib - Protect skin-tones,Vibrància - protecció de tons de pell
HISTORY_MSG_155,Vib - Avoid color shift,Vibrància - Evita pèrdua de color
HISTORY_MSG_156,Vib - Link pastel/saturated,Vibrància - Enllaç de tons pastel-saturats
HISTORY_MSG_157,Vib - P/S threshold,Vibrància - llindar pastel/saturat
HISTORY_MSG_158,TM - Strength,Intensitat
HISTORY_MSG_159,TM - Edge stopping,Parada a les vores
HISTORY_MSG_160,TM - Scale,Escala
HISTORY_MSG_161,TM - Reweighting iterates,Iteracions de ponderació
HISTORY_MSG_162,Tone Mapping,Mapejant tons
HISTORY_MSG_163,RGB Curves - Red,RGB corbes - R
HISTORY_MSG_164,RGB Curves - Green,RGB corbes - G
HISTORY_MSG_165,RGB Curves - Blue,RGB corbes - B
HISTORY_MSG_167,Demosaicing method,Mètode demosaicat
HISTORY_MSG_168,L*a*b* - CC curve,Corba 'CC'
HISTORY_MSG_169,L*a*b* - CH curve,Corba 'CH'
HISTORY_MSG_170,Vibrance - HH curve,Vibrància - corba
HISTORY_MSG_171,L*a*b* - LC curve,Corba 'LC'
HISTORY_MSG_172,L*a*b* - Restrict LC,Restriccció LC als tons vermell i pell
HISTORY_NEWSNAPSHOT,Add,Afegeix
HISTORY_SNAPSHOT,Snapshot,Instantània
HISTORY_SNAPSHOTS,Snapshots,Instantànies
IPTCPANEL_CATEGORY,Category,Classificació
IPTCPANEL_CITY,City,Ciutat
IPTCPANEL_COPYHINT,Copy IPTC settings to clipboard.,Copiar dades actuals IPTC al portapapers
IPTCPANEL_COUNTRY,Country,País
IPTCPANEL_CREDIT,Credit line,Crèdit
IPTCPANEL_CREDITHINT,Enter who should be credited when this image is published.,"Identitat del proveïdor de la imatge, no necessàriament el propietari/creador (Credit)."
IPTCPANEL_DATECREATED,Date created,Data de creació
IPTCPANEL_EMBEDDED,Embedded,Encastat
IPTCPANEL_EMBEDDEDHINT,Reset to IPTC data embedded in the image file.,Restaurar les dades IPTC encastades al fitxer d'imatge
IPTCPANEL_HEADLINE,Headline,Capçalera
IPTCPANEL_INSTRUCTIONS,Instructions,Instruccions
IPTCPANEL_KEYWORDS,Keywords,Paraules clau
IPTCPANEL_PASTEHINT,Paste IPTC settings from clipboard.,Enganxa les dades IPTC del portapapers
IPTCPANEL_RESET,Reset,Reinici
IPTCPANEL_RESETHINT,Reset to profile default.,Reinici perfil per omissió
IPTCPANEL_SOURCE,Source,Font
IPTCPANEL_TITLE,Title,Títol
MAIN_BUTTON_FULLSCREEN,Fullscreen,Pantalla sencera
MAIN_BUTTON_PREFERENCES,Preferences,Preferències
MAIN_BUTTON_PUTTOQUEUE_TOOLTIP,Put current image to processing queue.\nShortcut: <b>Ctrl+b</b>,Afeg. imatge actual a la cua de procés.\nDrecera: <b>Ctrl+B</b>
MAIN_BUTTON_SAVE_TOOLTIP,Save current image.\nShortcut: <b>Ctrl+s</b>\nSave current profile (.pp3).\nShortcut: <b>Ctrl+Shift+s</b>,Desa la imatge actual.\nDrecera: <b>Ctrl+S</b>
MAIN_BUTTON_SENDTOEDITOR_TOOLTIP,Edit current image in external editor.\nShortcut: <b>Ctrl+e</b>,Edita la imatge actual a un editor extern.\nDrecera: <b>Ctrl+E</b>
MAIN_BUTTON_SHOWHIDESIDEPANELS_TOOLTIP,Show/hide all side panels.\nShortcut: <b>m</b>,Mostra/amaga panells laterals.\nDrecera: <b>m</b>
MAIN_BUTTON_UNFULLSCREEN,Exit fullscreen,Fi pantalla sencera
MAIN_FRAME_EDITOR,Editor,Editor
MAIN_FRAME_EDITOR_TOOLTIP,Editor.\nShortcut: <b>Ctrl-F4</b>, Editor.\nDrecera: <b>Ctrl-F4</b>
MAIN_FRAME_FILEBROWSER,File Browser,Gestor de fitxers 
MAIN_FRAME_FILEBROWSER_TOOLTIP,File browser.\nShortcut: <b>Ctrl-F2</b>, Gestor de fitxers.\nDrecera: <b>Ctrl-F2</b>
MAIN_FRAME_PLACES,Places,Llocs 
MAIN_FRAME_PLACES_ADD,Add,Afeg
MAIN_FRAME_QUEUE,Queue,Cua de procés
MAIN_FRAME_QUEUE_TOOLTIP,Processing queue.\nShortcut: <b>Ctrl-F3</b>, Cua de procés.\nDrecera: <b>Ctrl-F3</b>
MAIN_FRAME_RECENT,Recent Folders,Carpetes recents 
MAIN_MSG_ALREADYEXISTS,File already exists.,Fitxer ja existent.
MAIN_MSG_CANNOTLOAD,Cannot load image,No es pot carregar la imatge
MAIN_MSG_CANNOTSAVE,File saving error,Error desant el fitxer
MAIN_MSG_CANNOTSTARTEDITOR,Cannot start editor.,No es pot iniciar l'editor
MAIN_MSG_CANNOTSTARTEDITOR_SECONDARY,Please set the correct path in Preferences.,"Poseu el path correcte en el diàleg ""Preferències""."
MAIN_MSG_EMPTYFILENAME,Filename unspecified!,Nom de fitxer no indicat!
MAIN_MSG_IMAGEUNPROCESSED,This command requires all selected images to be queue-processed first.,Això requereix que totes les imatges seleccionades siguin abans processades a la cua.
MAIN_MSG_NAVIGATOR,Navigator,Navegador
MAIN_MSG_QOVERWRITE,Do you want to overwrite it?,El voleu sobreescriure?
MAIN_TAB_COLOR,Color,Color
MAIN_TAB_COLOR_TOOLTIP,Shortcut: <b>Alt-c</b>,Drecera: <b>Alt-C</b>
MAIN_TAB_DETAIL,Detail,Detall
MAIN_TAB_DETAIL_TOOLTIP,Shortcut: <b>Alt-d</b>,Drecera: <b>Alt-D</b>
MAIN_TAB_DEVELOP, Batch Edit ,Desenv.
MAIN_TAB_EXIF,Exif,Exif
MAIN_TAB_EXPORT, Fast Export , Exporta
MAIN_TAB_EXPOSURE,Exposure,Exposició
MAIN_TAB_EXPOSURE_TOOLTIP,Shortcut: <b>Alt-e</b>,Drecera: <b>Alt-E</b>
MAIN_TAB_FILTER, Filter ,Filtre
MAIN_TAB_IPTC,IPTC,IPTC
MAIN_TAB_METADATA,Metadata,Metadades
MAIN_TAB_METADATA_TOOLTIP,Shortcut: <b>Alt-m</b>,Drecera: <b>Alt-M</b>
MAIN_TAB_RAW,Raw,RAW
MAIN_TAB_RAW_TOOLTIP,Shortcut: <b>Alt-r</b>,Drecera: <b>Alt-R</b>
MAIN_TAB_TRANSFORM,Transform,Transforma
MAIN_TAB_TRANSFORM_TOOLTIP,Shortcut: <b>Alt-t</b>,Drecera: <b>Alt-T</b>
MAIN_TOOLTIP_BACKCOLOR0,Background color of the preview: <b>theme-based</b>\nShortcut: <b>9</b>,Color de fons de la vista prèvia: <b>basat en tema</b>\nDrecera: <b>8</b>
MAIN_TOOLTIP_BACKCOLOR1,Background color of the preview: <b>black</b>\nShortcut: <b>9</b>,Color de fons de la vista prèvia: <b>Negre</b>\nDrecera: <b>9</b>
MAIN_TOOLTIP_BACKCOLOR2,Background color of the preview: <b>white</b>\nShortcut: <b>9</b>,Color de fons de la vista prèvia: <b>Blanc</b>\nDrecera: <b>0</b>
MAIN_TOOLTIP_BEFOREAFTERLOCK,"<b>Lock</b> / <b>Unlock</b> the <b>Before</b> view\n\n<b>Lock</b>: keep the <b>Before</b> view unchanged.\nUseful to evaluate the cumulative effect of multiple tools.\nAdditionally, comparisons can be made to any state in the History.\n\n<b>Unlock</b>: the <b>Before</b> view will follow the <b>After</b> view one step behind, showing the image before the effect of the currently used tool.","<b>Bloca</b> / <b>Desbloca</b> el <b>abans</b> vista\n\n<b>Bloca</b>: conserva la <b>abans</b> vista sense canvis.\nütil per a valorar l'efecte acumulatiu de moltes eines.\nA més, es poden fer comparacions amb qualsevol punt de la història\n\n<b>Desbloca</b>: el <b>abans</b> la vista romandrà <b>després</b> vista d'un pas enrera, mostrant la imatge abans de l'efecte de l'eina present."
MAIN_TOOLTIP_HIDEHP,Show/Hide the left panel (including the history).\nShortcut: <b>l</b>,Mostra/amaga panell esquerre (incloent la història).\nDrecera: <b>1</b>
MAIN_TOOLTIP_INDCLIPPEDH,Clipped highlight indication.\nShortcut: <b>&gt;</b>,Indicador de pèrdues en clars.\nDrecera: <b>&lt</b>
MAIN_TOOLTIP_INDCLIPPEDS,Clipped shadow indication.\nShortcut: <b>&lt;</b>,Indicador de pèrdues en foscos.\nDrecera: <b>&gt</b>
MAIN_TOOLTIP_PREVIEWB,Preview the <b>blue channel</b>.\nShortcut: <b>b</b>,Previsualitza <b>Canal blau</b>.\nDrecera: <b>b</b>
MAIN_TOOLTIP_PREVIEWFOCUSMASK,"Preview the <b>focus mask</b>.\nShortcut: <b>Shift-f</b>\n\nMore accurate on images with shallow depth of field, low noise and at higher zoom levels.\nZoom out to 10-30% to improve detection accuracy on noisy images.","Previsualitza <b>reenfocament</b>.\nDrecera: <b>Majús-F</b>\n\nMés pecís en imatges amb poca profunditat de camp, poc soroll i gran zoom\n\nPer a millorar la precisa detecció en imatges amb soroll proveu amb zoom més petit: 10-30%\n\nLa vista prèvia surt més lenta amb el reenfocament activat."
MAIN_TOOLTIP_PREVIEWG,Preview the <b>green channel</b>.\nShortcut: <b>g</b>,Previsualitza <b>Canal verd</b>.\nDrecera: <b>g</b>
MAIN_TOOLTIP_PREVIEWL,Preview the <b>luminosity</b>.\nShortcut: <b>v</b>\n\n0.299*R + 0.587*G + 0.114*B,Previsualitza <b>Lluminositat</b>.\nDrecera: <b>v</b>\n\n0.299*R + 0.587*G + 0.114*B
MAIN_TOOLTIP_PREVIEWR,Preview the <b>red channel</b>.\nShortcut: <b>r</b>,Previsualitza <b>Canal vermell</b>.\nDrecera: <b>r</b>
MAIN_TOOLTIP_QINFO,Quick info on the image.\nShortcut: <b>i</b>,Info breu de la imatge.\nDrecera: <b>i</b>
MAIN_TOOLTIP_SHOWHIDELP1,Show/Hide the left panel.\nShortcut: <b>l</b>,Mostra/amaga panell esquerre.\nDrecera: <b>1</b>
MAIN_TOOLTIP_SHOWHIDERP1,Show/Hide the right panel.\nShortcut: <b>Alt-l</b>,Mostra/amaga panell dret.\nDrecera: <b>Alt-L</b>
MAIN_TOOLTIP_SHOWHIDETP1,Show/Hide the top panel.\nShortcut: <b>Shift-l</b>,Mostra/amaga panell superior.\nDrecera: <b>Majús-L</b>
MAIN_TOOLTIP_THRESHOLD,Threshold,Llindar
MAIN_TOOLTIP_TOGGLE,Toggle the <b>Before</b>/<b>After</b> view.\nShortcut: <b>Shift-b</b>,Alterna vista abans/després.\nDrecera: <b>Majús-B</b>
NAVIGATOR_XY_FULL,"Width: %1, Height: %2","Amplada = %1, Altura = %2"
NAVIGATOR_XY_NA,"x: --, y: --","x = n/a, y = n/a"
PARTIALPASTE_BASICGROUP,Basic Settings,Ajustos bàsics
PARTIALPASTE_CACORRECTION,Chromatic aberration correction,Correcció d'aberració cromàtica
PARTIALPASTE_CHANNELMIXER,Channel mixer,Barrejador de canals
PARTIALPASTE_COARSETRANS,Coarse rotation/flipping,Rotació 90 graus/ inversió
PARTIALPASTE_COLORGROUP,Color Related Settings,Ajustos de color
PARTIALPASTE_COMMONTRANSFORMPARAMS,Auto-fill,Auto-omple
PARTIALPASTE_COMPOSITIONGROUP,Composition Settings,Ajustos de composició
PARTIALPASTE_CROP,Crop,Cropa
PARTIALPASTE_DARKFRAMEAUTOSELECT,Dark-frame auto-selection,Auto-sel. marc fosc
PARTIALPASTE_DARKFRAMEFILE,Dark-frame file,Fitxer de marc fosc
PARTIALPASTE_DEFRINGE,Defringe,Desserrella
PARTIALPASTE_DETAILGROUP,Detail Settings,Ajustos de detall
PARTIALPASTE_DIALOGLABEL,Partial paste processing profile,Enganxa parcialment al perfil de procés
PARTIALPASTE_DIRPYRDENOISE,Noise reduction,Reducció de soroll
PARTIALPASTE_DIRPYREQUALIZER,Contrast by detail levels,Contrast per grau de detall
PARTIALPASTE_DISTORTION,Distortion correction,Correcció de distorsió
PARTIALPASTE_EPD,Tone mapping,Mapejant tons
PARTIALPASTE_EVERYTHING,Everything,Tot plegat
PARTIALPASTE_EXIFCHANGES,Exif,Canvis a les dades Exif
PARTIALPASTE_EXPOSURE,Exposure,Exposició
PARTIALPASTE_FLATFIELDAUTOSELECT,Flat-field auto-selection,Auto-sel. Camp Pla
PARTIALPASTE_FLATFIELDBLURRADIUS,Flat-field blur radius,Radi borrositat CP
PARTIALPASTE_FLATFIELDBLURTYPE,Flat-field blur type,Tipus borrositat CP
PARTIALPASTE_FLATFIELDFILE,Flat-field file,Fitxer de camp pla
PARTIALPASTE_HSVEQUALIZER,HSV equalizer,Equalitzador HSV
PARTIALPASTE_ICMSETTINGS,Color management settings,Ajustos gestió de color
PARTIALPASTE_IMPULSEDENOISE,Impulse noise reduction,Impuls de reducció de soroll
PARTIALPASTE_IPTCINFO,IPTC,Dades IPTC
PARTIALPASTE_LABCURVE,L*a*b* adjustments,Ajustos Lab
PARTIALPASTE_LENSGROUP,Lens Related Settings,Ajustos de l'objectiu
PARTIALPASTE_LENSPROFILE,Profiled lens correction,Perfil de correcció de l'objectiu
PARTIALPASTE_METAGROUP,Metadata settings,Ajustos Metadades
PARTIALPASTE_PERSPECTIVE,Perspective,Perspectiva
PARTIALPASTE_PREPROCESS_GREENEQUIL,Green equilibration,Equilibri verd
PARTIALPASTE_PREPROCESS_LINEDENOISE,Line noise filter,Filtre línia de soroll
PARTIALPASTE_RAWCACORR_AUTO,CA auto-correction,Auto-correcció AC
PARTIALPASTE_RAWEXPOS_BLACK,Black levels,Nivell negre
PARTIALPASTE_RAWEXPOS_LINEAR,White point correction,Factor de corr. linear de punt blanc
PARTIALPASTE_RAWGROUP,Raw Settings,Ajustos raw
PARTIALPASTE_RAW_DCBENHANCE,DCB enhancement,Aplica pas de millora DCB
PARTIALPASTE_RAW_DCBITERATIONS,DCB iterations,Nombre d'iteracions DCB
PARTIALPASTE_RAW_DMETHOD,Demosaic method,Mètode demosaicat
PARTIALPASTE_RAW_FALSECOLOR,False color suppression,Passos de supressió de fals color demosaicant
PARTIALPASTE_RESIZE,Resize,Canviar tamany
PARTIALPASTE_RGBCURVES,RGB curves,Corbes RGB
PARTIALPASTE_ROTATION,Rotation,Rotació
PARTIALPASTE_SHADOWSHIGHLIGHTS,Shadows/highlights,Foscos/clars intensos
PARTIALPASTE_SHARPENEDGE,Edges,Vores
PARTIALPASTE_SHARPENING,Sharpening (USM/RL),Enfocant (USM/RL)
PARTIALPASTE_SHARPENMICRO,Microcontrast,Microcontrast
PARTIALPASTE_VIBRANCE,Vibrance,Vibrància
PARTIALPASTE_VIGNETTING,Vignetting correction,Correcció del vorafosc
PARTIALPASTE_WHITEBALANCE,White balance,Balanç de blancs
PREFERENCES_ADD,Add,AFEG
PREFERENCES_APPLNEXTSTARTUP,restart required,Efectiu en reiniciar
PREFERENCES_AUTOMONPROFILE,Use operating system's main monitor color profile,Usa els perfils dels monitors dels sist. operatius automàticament
PREFERENCES_BATCH_PROCESSING,Batch Processing,Process. per lots
PREFERENCES_BEHAVIOR,Behavior,Comportament
PREFERENCES_CACHEMAXENTRIES,Maximum number of cache entries,Màxim nombre d'entrades a la mem. cau
PREFERENCES_CACHEOPTS,Cache Options,Opcions memòria cau
PREFERENCES_CACHETHUMBHEIGHT,Maximum thumbnail height,Màxima alçada de minifoto
PREFERENCES_CLIPPINGIND,Clipping Indication,Indicador de pèrdues
PREFERENCES_CUSTPROFBUILD,Custom Processing Profile Builder,Constructor de perfils de procés particulars
PREFERENCES_CUSTPROFBUILDHINT,"Executable (or script) file called when a new initial processing profile should be generated for an image.\n\nThe path of the communication file (*.ini style, a.k.a. 'Keyfile') is added as a command line parameter. It contains various parameters required for the scripts and image Exif to allow a rules-based processing profile generation.\n\n<b>WARNING:</b> You are responsible for using double quotes where necessary if you're using paths containing spaces.",Nom del fitxer executable (o script) per a usar un nou perfil de procés en una imatge.\nRep paràmetres en línia d'ordres per a la generació de perfils basats en regles:\n[raw/JPG path] [path per omissió del perfil de procés] [número f] [expos. en segons] [long. focal en mm] [ISO] [objectiu] [càmera]
PREFERENCES_CUSTPROFBUILDPATH,Executable path,Executable path
PREFERENCES_DARKFRAMEFOUND,Found,Trobat
PREFERENCES_DARKFRAMESHOTS,shots,trets
PREFERENCES_DARKFRAMETEMPLATES,templates,plantilles
PREFERENCES_DATEFORMAT,Date format,Format de data
PREFERENCES_DATEFORMATHINT,"You can use the following formatting strings:\n<b>%y</b>	- year\n<b>%m</b>	- month\n<b>%d</b>	- day\n\nFor example, the ISO 8601 standard dictates the date format as follows:\n<b>%y-%m-%d</b>","<i>Podeu fer servir les següents cadenes formatades:</i>\n<b>%y</b><i> : any</i>\n<b>%m</b><i> : mes</i>\n<b>%d</b><i> : dia</i>\n<i>\nPer exemple, el format de data hongarès és:</i>\n<b>%y/%m/%d</b>"
PREFERENCES_DIRDARKFRAMES,Dark-frames directory,Carpeta de marcs foscos
PREFERENCES_DIRHOME,Home directory,directori home
PREFERENCES_DIRLAST,Last visited directory,Últim directori usat
PREFERENCES_DIROTHER,Other,Un altre
PREFERENCES_DIRSELECTDLG,Select Image Directory at Startup...,Selecc. directori d'inici...
PREFERENCES_DIRSOFTWARE,Installation directory,Instal·lació al directori
PREFERENCES_EDITORLAYOUT,Editor layout,Sortida d'editor
PREFERENCES_EXTERNALEDITOR,External Editor,Editor extern
PREFERENCES_FBROWSEROPTS,File Browser / Thumbnail Options,Opcions de navegador i minifotos
PREFERENCES_FLATFIELDFOUND,Found,Trobat
PREFERENCES_FLATFIELDSDIR,Flat-fields directory,Carpeta de camps plans
PREFERENCES_FLATFIELDSHOTS,shots,trets
PREFERENCES_FLATFIELDTEMPLATES,templates,plantilles
PREFERENCES_FORIMAGE,For non-raw photos,Per a imatge no raw
PREFERENCES_FORRAW,For raw photos,Per fitxers RAW
PREFERENCES_GIMPPATH,GIMP installation directory,Directori d'instal. del GIMP
PREFERENCES_HISTOGRAMPOSITIONLEFT,Histogram in left panel,Histograma al panell esquerre
PREFERENCES_HLTHRESHOLD,Threshold for clipped highlights,Llindar pèrdues en clars
PREFERENCES_ICCDIR,Directory containing color profiles,Directori dels perfils de color
PREFERENCES_IMPROCPARAMS,Default Processing Profile,Paràm. per omissió de procés d'imatge
PREFERENCES_INTENT_ABSOLUTE,Absolute Colorimetric,Colorimètric absolut
PREFERENCES_INTENT_PERCEPTUAL,Perceptual,Perceptual
PREFERENCES_INTENT_RELATIVE,Relative Colorimetric,Colorimètric relatiu
PREFERENCES_INTENT_SATURATION,Saturation,Saturació
PREFERENCES_INTERNALTHUMBIFUNTOUCHED,Show embedded JPEG thumbnail if raw is unedited,Mostra la mini JPEG encastada si el raw no està editat
PREFERENCES_LANGAUTODETECT,Use system language,Usa idioma del sistema
PREFERENCES_MENUGROUPEXTPROGS,Group 'Open with',"Grup ""Obrir amb"""
PREFERENCES_MENUGROUPFILEOPERATIONS,Group 'File operations',"Grup ""Operacions amb fitxers"""
PREFERENCES_MENUGROUPLABEL,Group 'Color label',"Grup ""Etiqueta de color"""
PREFERENCES_MENUGROUPPROFILEOPERATIONS,Group 'Processing profile operations',"Grup ""Operacions de procés de perfils"""
PREFERENCES_MENUGROUPRANK,Group 'Rank',"Grup ""Rang"""
PREFERENCES_MENUOPTIONS,Context Menu Options,Opcions del menú
PREFERENCES_MULTITAB,Multiple Editor Tabs Mode,Mode multitreball
PREFERENCES_MULTITABDUALMON,Multiple Editor Tabs In Own Window Mode,"Mode multitreball en segon monitor, si se'n té un"
PREFERENCES_OVERLAY_FILENAMES,Overlay filenames on thumbnails in the file browser,Sobreposar noms de fitxer a les minifotos
PREFERENCES_OVERWRITEOUTPUTFILE,Overwrite existing output files,Sobrescriu fitxers en desar-los
PREFERENCES_PANFACTORLABEL,Pan rate amplification,Factor
PREFERENCES_PARSEDEXT,Parsed Extensions,Extensions analitzades
PREFERENCES_PARSEDEXTADD,Add extension,Afegir extensió
PREFERENCES_PARSEDEXTADDHINT,Add entered extension to the list.,Escriu una extensió i prem aquí per veure la llista
PREFERENCES_PARSEDEXTDELHINT,Delete selected extension from the list.,Esborrar l'extensió seleccionada de la llista
PREFERENCES_PROFILEHANDLING,Processing Profile Handling,Ficant mà als perfils de procés
PREFERENCES_PROFILELOADPR,Processing profile loading priority,Prioritat de càrrega de perfils
PREFERENCES_PROFILEPRCACHE,Profile in cache,Perfil a la mem. cau
PREFERENCES_PROFILEPRFILE,Profile next to the input file,Perfil juntament amb el fitxer
PREFERENCES_PROFILESAVECACHE,Save processing profile to the cache,Desa els paràmetres de procés a la memòria cau
PREFERENCES_PROFILESAVEINPUT,Save processing profile next to the input file,Desa els paràm. de procés juntament amb la imatge
PREFERENCES_PROPERTY,Property,Propietat
PREFERENCES_PSPATH,Adobe Photoshop installation directory,Directori d'instal. d'Adobe Photoshop
PREFERENCES_SELECTLANG,Select language,Seleccionar idioma
PREFERENCES_SET,Set,Fixa
PREFERENCES_SHOWBASICEXIF,Show basic Exif info,Mostra principals dades Exif
PREFERENCES_SHOWDATETIME,Show date and time,Indica data i hora
PREFERENCES_SHOWEXPOSURECOMPENSATION,Append exposure compensation,Mostra compensació d'exposició
PREFERENCES_SHTHRESHOLD,Threshold for clipped shadows,Llindar pèrdues en foscos
PREFERENCES_SINGLETAB,Single Editor Tab Mode,Mode simple treball
PREFERENCES_SINGLETABVERTAB,"Single Editor Tab Mode, Vertical Tabs","Mode simple treball, vistes verticals"
PREFERENCES_SND_HELP,"Enter a full file path to set a sound, or leave blank for no sound.\nFor system sounds on Windows use 'SystemDefault', 'SystemAsterisk' etc., and on Linux use 'complete', 'window-attention' etc.","Poseu el path o bé no res (res=silenci). A Windows useu ""SystemDefault"", ""SystemAsterisk"" etc. pels sons del sistema."
PREFERENCES_SND_LNGEDITPROCDONE,Editor processing done,Process. d'editor fet
PREFERENCES_SND_QUEUEDONE,Queue processing done,Procs. de la cua fets
PREFERENCES_SND_THRESHOLDSECS,After seconds,després d'uns segons
PREFERENCES_STARTUPIMDIR,Image Directory at Startup,Directori inicial de les imatges
PREFERENCES_TAB_BROWSER,File Browser,Gestor de fitxers
PREFERENCES_TAB_COLORMGR,Color Management,Gestió del color
PREFERENCES_TAB_GENERAL,General,General
PREFERENCES_TAB_IMPROC,Image Processing,Processament de la imatge
PREFERENCES_TAB_SOUND,Sounds,Sons
PREFERENCES_TP_LABEL,Tool panel:,Panell d'eines:
PREFERENCES_TP_VSCROLLBAR,Hide vertical scrollbar,Amaga la barra d'eines vertical
PREFERENCES_WORKFLOW,Layout,Flux de treball
PROFILEPANEL_COPYPPASTE,Parameters to copy,Paràmetres a copiar
PROFILEPANEL_LABEL,Processing Profiles,Perfils de postprocés
PROFILEPANEL_LOADDLGLABEL,Load Processing Parameters...,Carrega paràm. de postprocés...
PROFILEPANEL_LOADPPASTE,Parameters to load,Paràmetres a carregar
PROFILEPANEL_PASTEPPASTE,Parameters to paste,Paràmetres a afegir
PROFILEPANEL_PCUSTOM,Custom,Especial
PROFILEPANEL_PFILE,From file,Del fitxer
PROFILEPANEL_PLASTSAVED,Last Saved,Darrera desada
PROFILEPANEL_SAVEDLGLABEL,Save Processing Parameters...,Desar paràm. de postprocés...
PROFILEPANEL_SAVEPPASTE,Parameters to save,Paràmetres a desar
PROFILEPANEL_TOOLTIPCOPY,Copy current processing profile to clipboard.\n<b>Ctrl-click</b> to select the parameters to copy.,Copia perfil actual al portapapers.\n<b>Ctrl-click</b> per seleccionar els paràmetres a copiar
PROFILEPANEL_TOOLTIPLOAD,Load a profile from file.\n<b>Ctrl-click</b> to select the parameters to load.,Carrega perfil d'un fitxer.\n<b>Ctrl-click</b> per seleccionar els paràmetres a carregar
PROFILEPANEL_TOOLTIPPASTE,Paste profile from clipboard.\n<b>Ctrl-click</b> to select the parameters to paste., Enganxa perfil del portapapers.\n<b>Ctrl-click</b> per seleccionar els paràmetres a enganxar
PROFILEPANEL_TOOLTIPSAVE,Save current profile.\n<b>Ctrl-click</b> to select the parameters to save.,Desa l'actual com a perfil.\n<b>Ctrl-click</b> per seleccionar els paràmetres a desar
PROGRESSBAR_LOADING,Loading image...,Carregant imatge...
PROGRESSBAR_LOADINGTHUMBS,Loading thumbnails...,Carregant minifotos...
PROGRESSBAR_LOADJPEG,Loading JPEG file...,Carregant fitxer JPEG...
PROGRESSBAR_LOADPNG,Loading PNG file...,Carregant fitxer PNG...
PROGRESSBAR_LOADTIFF,Loading TIFF file...,Carregant fitxer TIFF...
PROGRESSBAR_PROCESSING,Processing image...,Processant imatge...
PROGRESSBAR_PROCESSING_PROFILESAVED,Processing profile saved,Desat el perfil de procés
PROGRESSBAR_READY,Ready,A punt
PROGRESSBAR_SAVEJPEG,Saving JPEG file...,Desant fitxer JPEG...
PROGRESSBAR_SAVEPNG,Saving PNG file...,Desant fitxer PNG...
PROGRESSBAR_SAVETIFF,Saving TIFF file...,Desant fitxer TIFF...
PROGRESSDLG_PROFILECHANGEDINBROWSER,Processing profile changed in browser,Processant perfil canviat al navegador
QINFO_ISO,ISO,ISO
QINFO_NOEXIF,Exif data not available.,No hi ha dades Exif.
QUEUE_AUTOSTART,Auto-start,Auto engega
QUEUE_AUTOSTART_TOOLTIP,Start processing automatically when a new job arrives.,Inicia processat automàticament en rebre un nou treball
QUEUE_FORMAT_TITLE,File Format,Format de fitxer
QUEUE_LOCATION_FOLDER,Save to folder,Desa al directori
QUEUE_LOCATION_TEMPLATE,Use template,Usar plantilla
QUEUE_LOCATION_TEMPLATE_TOOLTIP,"Specify the output location based on the source photo's location, rank, trash status or position in the queue.\n\nUsing the following pathname as an example:\n<b>/home/tom/photos/2010-10-31/photo1.raw</b>\nthe meaning of the formatting strings follows:\n<b>%d4</b> = <i>home</i>\n<b>%d3</b> = <i>tom</i>\n<b>%d2</b> = <i>photos</i>\n<b>%d1</b> = <i>2010-10-31</i>\n<b>%f</b> = <i>photo1</i>\n<b>%p1</b> = <i>/home/tom/photos/2010-10-31/</i>\n<b>%p2</b> = <i>/home/tom/photos/</i>\n<b>%p3</b> = <i>/home/tom/</i>\n<b>%p4</b> = <i>/home/</i>\n\n<b>%r</b> will be replaced by the photo's rank. If the photo is unranked, '<i>0</i>' is used. If the photo is in the trash, '<i>x</i>' is used.\n\n<b>%s1</b>, ..., <b>%s9</b> will be replaced by the photo's initial position in the queue at the time the queue is started. The number specifies the padding, e.g. <b>%s3</b> results in '<i>001</i>'.\n\nIf you want to save the output image alongside the source image, write:\n<b>%p1/%f</b>\n\nIf you want to save the output image in a folder named '<i>converted</i>' located in the source photo's folder, write:\n<b>%p1/converted/%f</b>\n\nIf you want to save the output image in\n'<i>/home/tom/photos/converted/2010-10-31</i>', write:\n<b>%p2/converted/%d1/%f</b>","Podeu fer servir les següents cadenes de format:\n<b>%f</b>, <b>%d1</b>, <b>%d2</b>, ..., <b>%p1</b>, <b>%p2</b>, ..., <b>%r</b>\n\nAquest format es basa en les diferents parts del path d'una fotografia o bé alguns dels seus atributs.\n\nPer exemple, si la foto en curs està localitzada a:\n<b><i>/home/tom/fotos/2010-10-31/dsc0042.nef</i></b>\nel significat de les cadenes de format és:\n<b>%d4</b> = <i>home</i>\n<b>%d3</b> = <i>tom</i>\n<b>%d2</b> = <i>fotos</i>\n<b>%d1</b> = <i>2010-10-31</i>\n<b>%f</b> = <i>dsc0042</i>\n<b>%p1</b> = <i>/home/tom/fotos/2010-10-31/</i>\n<b>%p2</b> = <i>/home/tom/fotos/</i>\n<b>%p3</b> = <i>/home/tom/</i>\n<b>%p4</b> = <i>/home/</i>\n\n<b>%r</b> es canviarà pel rang de la foto.  Si la foto no té rang, %r es convertirà en un '0'.  Si la foto és a la paperera bin, %r es convertirà en 'x'.\n\nSi desitgeu desar la imatge actual on hi ha l'original, escriviu:\n<b>%p1/%f</b>\n\nSi desitgeu desar la imatge actual en un directori de nom ""<i>refetes</i>"" sota el directori de la imatge oberta, escriviu:\n<b>%p1/refetes/%f</b>\n\nSi desitgeu desar la imatge actual en un directori de nom ""<i>/home/tom/photos/refetes/2010-10-31</i>"", escriviu:\n<b>%p2/refetes/%d1/%f</b>"
SAVEDLG_AUTOSUFFIX,Automatically add a suffix if the file already exists,Afegeix automàticament un sufix si el fitxer ja hi és
SAVEDLG_FILEFORMAT,File format,Format del fitxer
SAVEDLG_JPEGQUAL,JPEG quality,Qualitat JPEG
SAVEDLG_PUTTOQUEUE,Put into processing queue,Posa a la cua de procés
SAVEDLG_PUTTOQUEUEHEAD,Put to the head of the processing queue,Posa al principi de la cua de procés
SAVEDLG_PUTTOQUEUETAIL,Put to the end of the processing queue,Posa a la fi de la cua de procés
SAVEDLG_SAVEIMMEDIATELY,Save immediately,Desa ara mateix
SAVEDLG_SAVESPP,Save processing parameters with image,Desa els paràmetres de procés amb la imatge
SAVEDLG_SUBSAMP,Subsampling,Submostreig
SAVEDLG_SUBSAMP_1,Best compression,Millor compressió
SAVEDLG_SUBSAMP_2,Balanced,Equilibrat
SAVEDLG_SUBSAMP_3,Best quality,Millor qualitat
SAVEDLG_TIFFUNCOMPRESSED,Uncompressed TIFF,TIFF no comprimit
SAVEDLG_WARNFILENAME,File will be named,El fitxer es dirà
SHCSELECTOR_TOOLTIP,Click right mouse button to reset the position of those 3 sliders.,Clic al botó dret per a restaurar\nla posició dels 3 nivells.
THRESHOLDSELECTOR_B,Bottom,Baix
THRESHOLDSELECTOR_BL,Bottom-left,Baix-esquerra
THRESHOLDSELECTOR_BR,Bottom-right,Baix-dreta
THRESHOLDSELECTOR_HINT,Hold the <b>Shift</b> key to move individual control points.,Prement la tecla <b>Majús</b> per a moure punts individuals de control.
THRESHOLDSELECTOR_T,Top,Dalt
THRESHOLDSELECTOR_TL,Top-left,Dalt-esquerra
THRESHOLDSELECTOR_TR,Top-right,Dalt-dreta
TOOLBAR_TOOLTIP_CROP,<b>Crop</b> selection.\nShortcut: <b>c</b>\nMove the crop using <b>Shift</b>+<b>mouse drag</b>.,<b>Cropar</b> selecció.\nDrecera: <b>c</b>
TOOLBAR_TOOLTIP_HAND,Hand tool.\nShortcut: <b>h</b>,Eina mà.\nDrecera: <b>h</b>
TOOLBAR_TOOLTIP_STRAIGHTEN,<b>Straighten</b> / <b>fine rotation</b>.\nShortcut: <b>s</b>\n\nIndicate the vertical or horizontal by drawing a guide line over the image. Angle of rotation will be shown next to the guide line. Center of rotation is the geometrical center of the image.,<b>Dreçar</b> / <b>rotació fina</b>.\nDrecera: <b>s</b>\n\nIndica la vertical o horitzontal dibuixant una línia de guia sobre la previsualització de la imatge. L'angle de rotació es mostrarà junt a la guia. El centre de rotació és el centre geomètric de la imatge.
TOOLBAR_TOOLTIP_WB,Spot white balance.\nShortcut: <b>w</b>,Afina balanç de blancs.\nDrecera: <b>w</b>
TP_CACORRECTION_BLUE,Blue,Blau
TP_CACORRECTION_LABEL,Chromatic Aberration Correction,Correcció d'aberració cromàtica
TP_CACORRECTION_RED,Red,Vermell
TP_CHMIXER_BLUE,Blue channel,Canal blau
TP_CHMIXER_GREEN,Green channel,Canal verd
TP_CHMIXER_LABEL,Channel Mixer,Barrejador de canals
TP_CHMIXER_RED,Red channel,Canal vermell
TP_COARSETRAF_TOOLTIP_HFLIP,Flip horizontally.,Inversió horitzontal
TP_COARSETRAF_TOOLTIP_ROTLEFT,"Rotate left.\n\nShortcuts:\n<b>[</b> - Multiple Editor Tabs Mode,\n<b>Alt-[</b> - Single Editor Tab Mode.",Rotació esquerra.\nDrecera: <b>[</b>
TP_COARSETRAF_TOOLTIP_ROTRIGHT,"Rotate right.\n\nShortcuts:\n<b>]</b> - Multiple Editor Tabs Mode,\n<b>Alt-]</b> - Single Editor Tab Mode.",Rotació dreta.\nDrecera: <b>]</b>
TP_COARSETRAF_TOOLTIP_VFLIP,Flip vertically.,Inversió vertical
TP_CROP_FIXRATIO,Lock ratio,Fixa proporció:
TP_CROP_GTDIAGONALS,Rule of Diagonals,Regla de diagonals
TP_CROP_GTEPASSPORT,Biometric Passport,Passaport biomètric
TP_CROP_GTFRAME,Frame,Marc
TP_CROP_GTGRID,Grid,Graella
TP_CROP_GTNONE,,No cap
TP_CROP_GTRULETHIRDS,Rule of Thirds,Regla dels terços
TP_CROP_GUIDETYPE,Guide type:,Tipus de guia:
TP_CROP_H,Height,Alt
TP_CROP_LABEL,Crop,Cropa
TP_CROP_W,Width,Ample
TP_CROP_X,Left,x
TP_CROP_Y,Top,y
TP_DARKFRAME_AUTOSELECT,Auto-selection,Auto-selecció
TP_DARKFRAME_LABEL,Dark-Frame,Marc fosc
TP_DEFRINGE_LABEL,Defringe,Desserrella
TP_DEFRINGE_RADIUS,Radius,Radi
TP_DEFRINGE_THRESHOLD,Threshold,Llindar
TP_DIRPYRDENOISE_CHROMINANCE_MASTER,Chrominance - Master,Crominància
TP_DIRPYRDENOISE_LUMINANCE_DETAIL,Detail recovery,Detall de luminància
TP_DIRPYRDENOISE_LUMINANCE_SMOOTHING,Luminance,Luminància
TP_DIRPYRDENOISE_MAIN_GAMMA,Gamma,Gama
TP_DIRPYREQUALIZER_LABEL,Contrast by Detail Levels,Contrast per grau de detall
TP_DIRPYREQUALIZER_LUMACOARSEST,Coarsest,Més bast
TP_DIRPYREQUALIZER_LUMACONTRAST_MINUS,Contrast -,Contrast-
TP_DIRPYREQUALIZER_LUMACONTRAST_PLUS,Contrast +,Contrast+
TP_DIRPYREQUALIZER_LUMAFINEST,Finest,Més fi
TP_DIRPYREQUALIZER_LUMANEUTRAL,Neutral,Neutral
TP_DIRPYREQUALIZER_THRESHOLD,Threshold,Llindar
TP_DISTORTION_AMOUNT,Amount,Quantitat
TP_DISTORTION_LABEL,Distortion Correction,Distorsió
TP_EPD_EDGESTOPPING,Edge stopping,Aturant a les vores
TP_EPD_LABEL,Tone Mapping,Mapejant tons
TP_EPD_REWEIGHTINGITERATES,Reweighting iterates,Iteracions de ponderació
TP_EPD_SCALE,Scale,Escala
TP_EPD_STRENGTH,Strength,Intensitat
TP_EXPOSURE_AUTOLEVELS,Auto Levels,Nivells automàtics
TP_EXPOSURE_AUTOLEVELS_TOOLTIP,Toggles execution of Auto Levels to automatically set Exposure slider values based on an image analysis.\nEnables Highlight Reconstruction if necessary.,Activa auto-nivells per a ajustar automàticament els valors dels paràmetres segons anàlisi de la imatge
TP_EXPOSURE_BLACKLEVEL,Black,Negre
TP_EXPOSURE_BRIGHTNESS,Lightness,Brillantor
TP_EXPOSURE_CLIP,Clip %,Retall
TP_EXPOSURE_CLIP_TOOLTIP,The fraction of pixels to be clipped in Auto Levels operation.,Conjunt de píxels que es retallaran en l'anivellament automàtic
TP_EXPOSURE_COMPRHIGHLIGHTS,Highlight compression,Quantitat recuperació de clars
TP_EXPOSURE_COMPRHIGHLIGHTSTHRESHOLD,Highlight compression threshold,Llindar recup. clars intensos
TP_EXPOSURE_COMPRSHADOWS,Shadow compression,Recuperació de foscos
TP_EXPOSURE_CONTRAST,Contrast,Contrast
TP_EXPOSURE_CURVEEDITOR1,Tone curve 1,Corba de to 1
TP_EXPOSURE_CURVEEDITOR2,Tone curve 2,Corba de to 2
TP_EXPOSURE_CURVEEDITOR2_TOOLTIP,Please refer to the 'Exposure > Tone Curves' RawPedia article to learn how to achieve the best results by using two tone curves.,Mireu aquesta secció del manual per aconseguir els millors resultats amb dobles corbes:\nThe Toolbox > Exposure Tab > Exposure Panel > Tone Curve
TP_EXPOSURE_EXPCOMP,Exposure compensation,Compens. d'exposició
TP_EXPOSURE_LABEL,Exposure,Exposició
TP_EXPOSURE_SATURATION,Saturation,Saturació
TP_EXPOSURE_TCMODE_FILMLIKE,Film-like,Com a film
TP_EXPOSURE_TCMODE_LABEL1,Curve mode 1,Corba mode 1
TP_EXPOSURE_TCMODE_LABEL2,Curve mode 2,Corba mode 2
TP_EXPOSURE_TCMODE_SATANDVALBLENDING,Saturation and Value Blending,Saturació i valor de mescla
TP_EXPOSURE_TCMODE_STANDARD,Standard,Estàndard
TP_EXPOSURE_TCMODE_WEIGHTEDSTD,Weighted Standard,Regulació std
TP_FLATFIELD_AUTOSELECT,Auto-selection,Auto selecció
TP_FLATFIELD_BLURRADIUS,Blur radius,Radi borrositat
TP_FLATFIELD_BLURTYPE,Blur type,Tipus borrositat
TP_FLATFIELD_BT_AREA,Area,Àrea
TP_FLATFIELD_BT_HORIZONTAL,Horizontal,Horitzontal
TP_FLATFIELD_BT_VERTHORIZ,Vertical + Horizontal,Vert. + Horitz.
TP_FLATFIELD_BT_VERTICAL,Vertical,Vertical
TP_FLATFIELD_LABEL,Flat-Field,Camp pla
TP_HLREC_BLEND,Blend,Barreja
TP_HLREC_CIELAB,CIELab Blending,Superposició CIELab
TP_HLREC_COLOR,Color Propagation,Propagació de color
TP_HLREC_LABEL,Highlight reconstruction,Recuperació de clars
TP_HLREC_LUMINANCE,Luminance Recovery,Recuperació de luminància
TP_HLREC_METHOD,Method:,Mètode:
TP_HSVEQUALIZER_CHANNEL,Channel,Canal HSV
TP_HSVEQUALIZER_HUE,H,H
TP_HSVEQUALIZER_LABEL,HSV Equalizer,HSV Equalitzador
TP_HSVEQUALIZER_SAT,S,S
TP_HSVEQUALIZER_VAL,V,V
TP_ICM_INPUTCAMERA,Camera standard,Propi de la càmera
TP_ICM_INPUTCAMERAICC,Auto-matched camera profile,Perfil de color del model de càmera detectada.
TP_ICM_INPUTCAMERAICC_TOOLTIP,Use RawTherapee's camera-specific DCP or ICC input color profiles. These profiles are more precise than simpler matrix ones. They are not available for all cameras. These profiles are stored in the /iccprofiles/input and /dcpprofiles folders and are automatically retrieved based on a file name matching to the exact model name of the camera.,Usa d'entrada el perfil de color DCP o ICC específic de càmera de RawTherapee. Aquests perfils són més precisos que els de simple matriu. Disponible per a algunes càmeres. Aquests perfils són als directoris /iccprofiles/input i /dcpprofiles i es carreguen automàticament segons un nom de fitxer que coincideix exactament amb el nom de model de la càmera.
TP_ICM_INPUTCAMERA_TOOLTIP,"Use a simple color matrix from dcraw, an enhanced RawTherapee version (whichever is available based on camera model) or one embedded in the DNG.","Usa matriu de simple color per dcraw, versió RawTherapee ampliada (qualsevol sigui disponible segons model de càmera) o inclòs dins DNG."
TP_ICM_INPUTCUSTOM,Custom,Especial
TP_ICM_INPUTCUSTOM_TOOLTIP,Select your own DCP/ICC color profile file for the camera.,Selecccionar un propi fitxer de perfil de color per a la càmera
TP_ICM_INPUTDLGLABEL,Select Input DCP/ICC Profile...,Selecc. perfil d'entrada ICC...
TP_ICM_INPUTEMBEDDED,"Use embedded, if possible",Usar l'encastat si és possible
TP_ICM_INPUTEMBEDDED_TOOLTIP,Use color profile embedded in non-raw files.,Aplica perfil de color inclòs en fitxers no raw.
TP_ICM_INPUTNONE,No profile,Sense perfil
TP_ICM_INPUTNONE_TOOLTIP,Use no input color profile at all.\nUse only in special cases.,No aplicar perfil de color d'entrada tret de casos especials.
TP_ICM_INPUTPROFILE,Input Profile,Perfil d'entrada
TP_ICM_LABEL,Color Management,Gestió de color
TP_ICM_NOICM,No ICM: sRGB Output,No cap ICM: Sortida  sRGB
TP_ICM_OUTPUTPROFILE,Output Profile,Perfil de sortida
TP_ICM_TONECURVE,Tone curve,Usa la corba de to DCP.
TP_ICM_TONECURVE_TOOLTIP,Employ the embedded DCP tone curve. The setting is only available if the selected DCP has a tone curve.,Habilita l'ús de corbes de to incloses en els perfils DCP.
TP_ICM_WORKINGPROFILE,Working Profile,Perfil de treball
TP_IMPULSEDENOISE_LABEL,Impulse Noise Reduction,Impuls Reducció de Soroll
TP_IMPULSEDENOISE_THRESH,Threshold,Llindar d'impuls RS
TP_LABCURVE_AVOIDCOLORSHIFT,Avoid color shift,Evita alteració de color
TP_LABCURVE_AVOIDCOLORSHIFT_TOOLTIP,Fit colors into gamut of the working color space and apply Munsell correction (Uniform Perceptual Lab).,Fica colors al gamut de l'espai de color de treball\ni aplica la correcció Munsell
TP_LABCURVE_BRIGHTNESS,Lightness,Brillantor
TP_LABCURVE_CHROMATICITY,Chromaticity,Cromaticitat
TP_LABCURVE_CONTRAST,Contrast,Contrast
TP_LABCURVE_CURVEEDITOR,Luminance Curve,Corba de luminància
TP_LABCURVE_CURVEEDITOR_A_RANGE1,Green Saturated,Verd saturat
TP_LABCURVE_CURVEEDITOR_A_RANGE2,Green Pastel,Verd pastel
TP_LABCURVE_CURVEEDITOR_A_RANGE3,Red Pastel,Roig pastel
TP_LABCURVE_CURVEEDITOR_A_RANGE4,Red Saturated,Roig saturat
TP_LABCURVE_CURVEEDITOR_B_RANGE1,Blue Saturated,Blau saturat
TP_LABCURVE_CURVEEDITOR_B_RANGE2,Blue Pastel,Blau pastel
TP_LABCURVE_CURVEEDITOR_B_RANGE3,Yellow Pastel,Groc pastel
TP_LABCURVE_CURVEEDITOR_B_RANGE4,Yellow Saturated,Groc saturat
TP_LABCURVE_CURVEEDITOR_CC,CC,CC
TP_LABCURVE_CURVEEDITOR_CC_RANGE1,Neutral,Neutral
TP_LABCURVE_CURVEEDITOR_CC_RANGE2,Dull,Mat
TP_LABCURVE_CURVEEDITOR_CC_RANGE3,Pastel,Pastel
TP_LABCURVE_CURVEEDITOR_CC_RANGE4,Saturated,Saturat
TP_LABCURVE_CURVEEDITOR_CC_TOOLTIP,Chromaticity according to chromaticity C=f(C).,Cromaticitat segons la cromaticitat
TP_LABCURVE_CURVEEDITOR_CH,CH,CH
TP_LABCURVE_CURVEEDITOR_CH_TOOLTIP,Chromaticity according to hue C=f(H).,Cromaticitat segons el Hue
TP_LABCURVE_CURVEEDITOR_LC,LC,LC
TP_LABCURVE_CURVEEDITOR_LC_TOOLTIP,Luminance according to chromaticity L=f(C).,Cromaticitat segons la luminància
TP_LABCURVE_LABEL,L*a*b* Adjustments,Ajustos Lab
TP_LABCURVE_LCREDSK,Restrict LC to red and skin-tones,LC limitat als tons vermell i pell
TP_LABCURVE_LCREDSK_TOOLTIP,"If enabled, the LC Curve affects only red and skin-tones.\nIf disabled, it applies to all tones.","Si habilitat, la corba LC (luminància segons cromaticitat) es limita als tons vermell i de pell\nSi no ho està, s'aplica a tots els tons"
TP_LABCURVE_RSTPROTECTION,Red and skin-tones protection,Protecció de tons vermells i de pell
TP_LABCURVE_RSTPRO_TOOLTIP,Works on the Chromaticity slider and the CC curve.,Es maneja amb el control de cromaticitat i la corba CC.
TP_LENSGEOM_AUTOCROP,Auto-Crop,Auto cropa
TP_LENSGEOM_FILL,Auto-fill,Auto omple
TP_LENSGEOM_LABEL,Lens / Geometry,Lent / Geometria
TP_LENSPROFILE_LABEL,Profiled Lens Correction,Perfil de correcció de lent
TP_NEUTRAL_TOOLTIP,"Resets exposure sliders to neutral values.\nApplies to the same controls that Auto Levels applies to, regardless of whether you used Auto Levels or not.",Torna els controls d'exposició a valors neutrals
TP_PERSPECTIVE_HORIZONTAL,Horizontal,Horitzontal
TP_PERSPECTIVE_LABEL,Perspective,Perspectiva
TP_PERSPECTIVE_VERTICAL,Vertical,Vertical
TP_PREPROCESS_GREENEQUIL,Green equilibration,Equilibri verd
TP_PREPROCESS_LABEL,Preprocessing,Preprocessant
TP_PREPROCESS_LINEDENOISE,Line noise filter,Filtre línia dessoroll
TP_PREPROCESS_NO_FOUND,None found,No trobat
TP_RAWCACORR_AUTO,Auto-correction,Auto correcció
TP_RAWCACORR_CABLUE,Blue,Blau
TP_RAWCACORR_CARED,Red,Vermell
TP_RAWCACORR_LABEL,Chromatic Aberration Correction,Correcció d'aberració cromàtica
TP_RAWEXPOS_LINEAR,White-point correction,Punt blanc: factor de correcció linear
TP_RAWEXPOS_TWOGREEN,Link greens,Dos verds junts
TP_RAW_DCBENHANCE,DCB enhancement,Aplica pas de millora  DCB
TP_RAW_DCBITERATIONS,Number of DCB iterations,Nombre d'iteracions DCB
TP_RAW_DMETHOD,Method,Mètode
TP_RAW_FALSECOLOR,False color suppression steps,Passos de supressió del fals color
TP_RAW_LABEL,Demosaicing,Demosaicant
TP_RESIZE_APPLIESTO,Applies to:,S'aplica a:
TP_RESIZE_CROPPEDAREA,Cropped Area,Àrea cropada
TP_RESIZE_FITBOX,Bounding Box,Capsa d'inclusió
TP_RESIZE_FULLIMAGE,Full Image,Imatge sencera
TP_RESIZE_H,Height:,A:
TP_RESIZE_HEIGHT,Height,Alt
TP_RESIZE_LABEL,Resize,Canviar tamany
TP_RESIZE_LANCZOS,Lanczos,Lanczos
TP_RESIZE_METHOD,Method:,Mètode:
TP_RESIZE_NEAREST,Nearest,Més proper
TP_RESIZE_SCALE,Scale,Escala
TP_RESIZE_SPECIFY,Specify:,Especifica:
TP_RESIZE_W,Width:,L:
TP_RESIZE_WIDTH,Width,Ample
TP_RGBCURVES_BLUE,B,B
TP_RGBCURVES_CHANNEL,Channel,Canal
TP_RGBCURVES_GREEN,G,V
TP_RGBCURVES_LABEL,RGB Curves,Corbes RGB
TP_RGBCURVES_RED,R,R
TP_ROTATE_DEGREE,Degree,Graus
TP_ROTATE_LABEL,Rotate,Rota
TP_ROTATE_SELECTLINE,Select Straight Line,Selecc. línia recta
TP_SHADOWSHLIGHTS_HIGHLIGHTS,Highlights,Clars intensos
TP_SHADOWSHLIGHTS_HLTONALW,Highlights tonal width,Amplada de to per Clars I.
TP_SHADOWSHLIGHTS_LABEL,Shadows/Highlights,Foscos/Clars intensos
TP_SHADOWSHLIGHTS_RADIUS,Radius,Radi
TP_SHADOWSHLIGHTS_SHADOWS,Shadows,Foscos
TP_SHADOWSHLIGHTS_SHTONALW,Shadows tonal width,Amplada de to per Foscos
TP_SHARPENEDGE_AMOUNT,Quantity,Quantitat
TP_SHARPENEDGE_LABEL,Edges,Vores
TP_SHARPENEDGE_PASSES,Iterations,Iteracions
TP_SHARPENEDGE_THREE,Luminance only,Només luminància
TP_SHARPENING_AMOUNT,Amount,Quantitat
TP_SHARPENING_EDRADIUS,Radius,Radi
TP_SHARPENING_EDTOLERANCE,Edge tolerance,Tolerància vores
TP_SHARPENING_HALOCONTROL,Halo control,Control de halo
TP_SHARPENING_HCAMOUNT,Amount,Quantitat
TP_SHARPENING_LABEL,Sharpening,Enfocant
TP_SHARPENING_METHOD,Method,Mètode
TP_SHARPENING_ONLYEDGES,Sharpen only edges,Enfocar només vores
TP_SHARPENING_RADIUS,Radius,Radi
TP_SHARPENING_RLD,RL Deconvolution,RL Deconvolució
TP_SHARPENING_RLD_AMOUNT,Amount,Quantitat
TP_SHARPENING_RLD_DAMPING,Damping,Ablaniment
TP_SHARPENING_RLD_ITERATIONS,Iterations,Iteracions
TP_SHARPENING_THRESHOLD,Threshold,Llindar
TP_SHARPENING_USM,Unsharp Mask,Màscara d'enfocament
TP_SHARPENMICRO_AMOUNT,Quantity,Quantitat
TP_SHARPENMICRO_LABEL,Microcontrast,Microcontrast
TP_SHARPENMICRO_MATRIX,3×3 matrix instead of 5×5,matriu 3×3 en lloc de 5×5
TP_SHARPENMICRO_UNIFORMITY,Uniformity,Uniformitat
TP_VIBRANCE_AVOIDCOLORSHIFT,Avoid color shift,Evita alteració de color
TP_VIBRANCE_CURVEEDITOR_SKINTONES,HH,HH
TP_VIBRANCE_CURVEEDITOR_SKINTONES_LABEL,Skin-tones,Tons de pell
TP_VIBRANCE_CURVEEDITOR_SKINTONES_RANGE1,Red/Purple,Vermell/porpra
TP_VIBRANCE_CURVEEDITOR_SKINTONES_RANGE2,Red,Vermell
TP_VIBRANCE_CURVEEDITOR_SKINTONES_RANGE3,Red/Yellow,Vermell/groc
TP_VIBRANCE_CURVEEDITOR_SKINTONES_RANGE4,Yellow,Groc
TP_VIBRANCE_CURVEEDITOR_SKINTONES_TOOLTIP,Hue according to hue H=f(H).,Hue segons el Hue
TP_VIBRANCE_LABEL,Vibrance,Vibrància
TP_VIBRANCE_PASTELS,Pastel tones,Tons pastel
TP_VIBRANCE_PASTSATTOG,Link pastel and saturated tones,Enllaç de tons pastel i saturats
TP_VIBRANCE_PROTECTSKINS,Protect skin-tones,Protecció dels tons de pell
TP_VIBRANCE_PSTHRESHOLD,Pastel/saturated tones threshold,Llindar tons pastel/saturats
TP_VIBRANCE_PSTHRESHOLD_SATTHRESH,Saturation threshold,Llindar de saturació
TP_VIBRANCE_PSTHRESHOLD_TOOLTIP,The vertical axis represents pastel tones at the bottom and saturated tones at the top.\nThe horizontal axis represents the saturation range.,L'eix vertical representa tons pastel a baix i tons saturats a dalt. L'horitzontal representa el grau de saturació.
TP_VIBRANCE_PSTHRESHOLD_WEIGTHING,Pastel/saturated transition's weighting,Regulant la transició pastel/saturat
TP_VIBRANCE_SATURATED,Saturated Tones,Tons saturats
TP_VIGNETTING_AMOUNT,Amount,Quantitat
TP_VIGNETTING_CENTER,Center,Centre
TP_VIGNETTING_CENTER_X,Center X,Centre X
TP_VIGNETTING_CENTER_Y,Center Y,Centre Y
TP_VIGNETTING_LABEL,Vignetting Correction,Correcció vorafosc
TP_VIGNETTING_RADIUS,Radius,Radi
TP_VIGNETTING_STRENGTH,Strength,Força
TP_WBALANCE_AUTO,Auto,Auto
TP_WBALANCE_CAMERA,Camera,Càmera
TP_WBALANCE_CLOUDY,Cloudy,Núvols
TP_WBALANCE_CUSTOM,Custom,Especial
TP_WBALANCE_DAYLIGHT,Daylight (sunny),Llum de dia (sol)
TP_WBALANCE_FLASH55,Leica,Leica
TP_WBALANCE_FLASH60,"Standard, Canon, Pentax, Olympus","Standard, Canon, Pentax, Olympus"
TP_WBALANCE_FLASH65,"Nikon, Panasonic, Sony, Minolta","Nikon, Panasonic, Sony, Minolta"
TP_WBALANCE_FLASH_HEADER,Flash,Flash
TP_WBALANCE_FLUO1,F1 - Daylight,F1 - Llum de dia
TP_WBALANCE_FLUO2,F2 - Cool White,F2 - Blanc fred
TP_WBALANCE_FLUO3,F3 - White,F3 - Blanc
TP_WBALANCE_FLUO4,F4 - Warm White,F4 - Blanc càl·lid
TP_WBALANCE_FLUO5,F5 - Daylight,F5 - Llum de dia
TP_WBALANCE_FLUO6,F6 - Lite White,F6 - Blanc menor
TP_WBALANCE_FLUO7,F7 - D65 Daylight Simulator,F7 - D65 simulador llum de dia
TP_WBALANCE_FLUO8,F8 - D50 / Sylvania F40 Design,F8 - D50 / Sylvania F40 Design
TP_WBALANCE_FLUO9,F9 - Cool White Deluxe,F9 - Blanc fred de luxe
TP_WBALANCE_FLUO10,F10 - Philips TL85,F10 - Philips TL85
TP_WBALANCE_FLUO11,F11 - Philips TL84,F11 - Philips TL84
TP_WBALANCE_FLUO12,F12 - Philips TL83,F12 - Philips TL83
TP_WBALANCE_FLUO_HEADER,Fluorescent,Fluorescent
TP_WBALANCE_GREEN,Tint,Tint
TP_WBALANCE_GTI,GTI,GTI
TP_WBALANCE_HMI,HMI,HMI
TP_WBALANCE_JUDGEIII,JudgeIII,JudgeIII
TP_WBALANCE_LABEL,White Balance,Balanç de blancs
TP_WBALANCE_LAMP_HEADER,Lamp,Làmpara
TP_WBALANCE_LED_CRS,CRS SP12 WWMR16,CRS SP12 WWMR16
TP_WBALANCE_LED_HEADER,LED,LED
TP_WBALANCE_LED_LSI,LSI Lumelex 2040,LSI Lumelex 2040
TP_WBALANCE_METHOD,Method,Mètode
TP_WBALANCE_SHADE,Shade,Ombra
TP_WBALANCE_SIZE,Size:,Tamany:
TP_WBALANCE_SOLUX35,Solux 3500K,Solux 3500K
TP_WBALANCE_SOLUX41,Solux 4100K,Solux 4100K
TP_WBALANCE_SOLUX47,Solux 4700K (vendor),Solux 4700K (vendor)
TP_WBALANCE_SOLUX47_NG,Solux 4700K (Nat. Gallery),Solux 4700K (Nat. Gallery)
TP_WBALANCE_SPOTWB,Use the pipette to pick the white balance from a neutral patch in the preview.,Punt b. blancs
TP_WBALANCE_TEMPERATURE,Temperature,Temperatura
TP_WBALANCE_TUNGSTEN,Tungsten,Tungstèn
ZOOMPANEL_100,(100%),(100%)
ZOOMPANEL_NEWCROPWINDOW,Open (new) detail window,Obre una altra finestra de detall
ZOOMPANEL_ZOOM100,Zoom to 100%\nShortcut: <b>z</b>,Zoom 100%\nDrecera: <b>z</b>
ZOOMPANEL_ZOOMFITSCREEN,Fit whole image to screen\nShortcut: <b>Alt</b>-<b>f</b>,Ajusta a la finestra\nDrecera: <b>Alt</b>-<b>f</b>
ZOOMPANEL_ZOOMIN,Zoom In\nShortcut: <b>+</b>,Apropa\nDrecera: <b>+</b>
ZOOMPANEL_ZOOMOUT,Zoom Out\nShortcut: <b>-</b>,Allunya\nDrecera: <b>-</b>
